State,Year,Nitrogen (%),Nitrogen (Pounds/Acre),Phosphorous (%),Phosphorous (Pounds/Acre),Potash (%),Potash (Pounds/Acre),Area Planted (acres),Harvested Area (acres),Lint Yield (Pounds/Harvested Acre)
Alabama,1964,99.0,72.0,100.0,62.0,99.0,63.0,874.2793650793651,778.5714285714286,392.10936034412464
Alabama,1965,100.0,81.0,100.0,63.0,100.0,66.0,874.2793650793651,778.5714285714286,393.6033266141674
Alabama,1966,100.0,83.0,100.0,69.0,100.0,70.0,874.2793650793651,778.5714285714286,397.11601108921826
Alabama,1967,100.0,78.0,100.0,71.0,100.0,73.0,874.2793650793651,778.5714285714286,401.4536819191974
Alabama,1968,100.0,71.0,99.0,71.0,99.0,73.0,874.2793650793651,778.5714285714286,429.4391230662576
Alabama,1969,100.0,80.0,98.0,70.0,98.0,71.0,874.2793650793651,778.5714285714286,421.7800902097795
Alabama,1970,100.0,78.0,100.0,74.0,100.0,77.0,874.2793650793651,778.5714285714286,403.47767780647155
Alabama,1971,99.0,84.0,100.0,71.0,99.0,73.0,874.2793650793651,778.5714285714286,395.33221754930753
Alabama,1972,100.0,89.0,98.0,73.0,98.0,77.0,874.2793650793651,778.5714285714286,408.27723628215847
Alabama,1973,99.0,82.0,95.0,77.0,97.0,83.0,385.0,370.0,421.35583916323117
Alabama,1974,100.0,100.0,99.0,76.0,99.0,75.0,440.0,420.0,371.1128770553738
Alabama,1975,100.0,74.0,92.0,57.0,98.0,66.0,405.0,395.0,392.43484198629835
Alabama,1976,98.0,72.0,93.0,71.0,98.0,80.0,325.0,315.0,457.185139697332
Alabama,1977,99.0,74.0,91.0,72.0,97.0,85.0,310.0,305.0,440.1884748634351
Alabama,1978,100.0,66.0,95.0,64.0,95.0,69.0,325.0,321.0,425.27144129265093
Alabama,1979,100.0,70.0,84.0,63.0,84.0,68.0,377.0,372.0,412.6883480546202
Alabama,1980,100.0,73.0,93.0,63.0,93.0,70.0,287.0,285.0,433.3590358859144
Alabama,1981,99.0,73.0,97.0,57.0,91.0,68.0,219.0,215.0,420.12697850803715
Alabama,1982,100.0,101.0,93.0,65.0,93.0,72.0,309.0,307.0,363.5401615494676
Alabama,1983,100.0,79.0,86.0,62.0,89.0,72.0,330.0,329.0,400.45783877987907
Alabama,1984,98.0,78.0,91.0,60.0,88.0,70.0,315.0,313.0,400.3433932730137
Alabama,1985,98.0,88.0,88.0,62.0,80.0,73.0,335.0,333.0,388.52500296756966
Alabama,1986,99.0,82.0,87.0,57.0,77.0,62.0,390.0,375.0,356.17712350872665
Alabama,1987,89.52136752136752,87.2051282051282,65.4508547008547,53.36752136752137,58.66017316017316,58.19213973799127,328.0,322.0,351.02546613546565
Alabama,1988,89.52136752136752,87.2051282051282,65.4508547008547,53.36752136752137,58.66017316017316,58.19213973799127,380.0,378.0,327.5172496134568
Alabama,1989,89.52136752136752,87.2051282051282,65.4508547008547,53.36752136752137,58.66017316017316,58.19213973799127,410.0,405.0,333.47849582677713
Alabama,1990,89.52136752136752,87.2051282051282,65.4508547008547,53.36752136752137,58.66017316017316,58.19213973799127,415.0,408.0,348.4254771763274
Alabama,1991,89.52136752136752,87.2051282051282,65.4508547008547,53.36752136752137,58.66017316017316,58.19213973799127,443.0,430.0,325.8260035397677
Alabama,1992,89.52136752136752,87.2051282051282,65.4508547008547,53.36752136752137,58.66017316017316,58.19213973799127,463.0,455.0,338.2937355010538
Alabama,1993,89.52136752136752,87.2051282051282,65.4508547008547,53.36752136752137,58.66017316017316,58.19213973799127,590.0,578.0,331.31119154071337
Alabama,1994,89.52136752136752,87.2051282051282,65.4508547008547,53.36752136752137,58.66017316017316,58.19213973799127,520.0,516.0,337.17574609948565
Alabama,1995,89.52136752136752,87.2051282051282,65.4508547008547,53.36752136752137,58.66017316017316,58.19213973799127,535.0,442.0,312.571702731944
Alabama,1996,89.52136752136752,87.2051282051282,65.4508547008547,53.36752136752137,58.66017316017316,58.19213973799127,495.0,475.0,322.5087971618089
Alabama,1997,100.0,89.0,93.0,54.0,95.0,79.0,565.0,561.0,359.6723839238839
Alabama,1998,99.0,78.0,94.0,59.0,94.0,76.0,590.0,530.0,409.15146621404836
Alabama,1999,97.0,84.0,94.0,69.0,95.0,84.0,610.0,605.0,410.6201149463991
Alabama,2000,100.0,103.0,95.0,63.0,91.0,87.0,590.0,540.0,370.4623620522468
Alabama,2001,89.52136752136752,87.2051282051282,65.4508547008547,53.36752136752137,58.66017316017316,58.19213973799127,525.0,510.0,346.3077193155351
Alabama,2002,89.52136752136752,87.2051282051282,65.4508547008547,53.36752136752137,58.66017316017316,58.19213973799127,550.0,540.0,331.1391503674381
Alabama,2003,97.0,102.0,84.0,70.0,83.0,77.0,550.0,545.0,371.41743935789736
Alabama,2004,89.52136752136752,87.2051282051282,65.4508547008547,53.36752136752137,58.66017316017316,58.19213973799127,575.0,560.0,331.8567670832035
Alabama,2005,89.52136752136752,87.2051282051282,65.4508547008547,53.36752136752137,58.66017316017316,58.19213973799127,400.0,385.0,322.93319158438095
Alabama,2006,89.52136752136752,87.2051282051282,65.4508547008547,53.36752136752137,58.66017316017316,58.19213973799127,290.0,286.0,335.86686485167695
Alabama,2007,97.0,88.0,87.0,49.0,90.0,65.0,255.0,248.0,345.77909009807627
Alabama,2008,89.52136752136752,87.2051282051282,65.4508547008547,53.36752136752137,58.66017316017316,58.19213973799127,340.0,338.0,342.92490212437804
Alabama,2009,89.52136752136752,87.2051282051282,65.4508547008547,53.36752136752137,58.66017316017316,58.19213973799127,460.0,443.0,339.53448124151714
Alabama,2010,89.52136752136752,87.2051282051282,65.4508547008547,53.36752136752137,58.66017316017316,58.19213973799127,380.0,378.0,362.79584213812007
Alabama,2011,89.52136752136752,87.2051282051282,65.4508547008547,53.36752136752137,58.66017316017316,58.19213973799127,365.0,359.0,343.64400191527614
Alabama,2012,89.52136752136752,87.2051282051282,65.4508547008547,53.36752136752137,58.66017316017316,58.19213973799127,350.0,348.0,349.11852811392043
Alabama,2013,89.52136752136752,87.2051282051282,65.4508547008547,53.36752136752137,58.66017316017316,58.19213973799127,315.0,307.0,361.30369579487694
Alabama,2014,89.52136752136752,87.2051282051282,65.4508547008547,53.36752136752137,58.66017316017316,58.19213973799127,345.0,343.0,327.1282567474576
Alabama,2015,99.0,91.0,78.0,53.0,79.0,95.0,435.0,430.0,372.0024204065986
Alabama,2016,89.52136752136752,87.2051282051282,65.4508547008547,53.36752136752137,58.66017316017316,58.19213973799127,510.0,497.0,356.5199170543583
Alabama,2017,93.0,104.0,72.0,62.0,81.0,83.0,540.0,535.0,354.6097278350147
Arizona,1964,94.0,130.0,50.0,66.0,2.0,58.19213973799127,874.2793650793651,778.5714285714286,376.3391778635139
Arizona,1965,92.0,131.0,42.0,78.0,2.0,8.0,874.2793650793651,778.5714285714286,304.67533910498025
Arizona,1966,96.0,141.0,45.0,69.0,1.0,15.0,874.2793650793651,778.5714285714286,359.93141570890714
Arizona,1967,89.0,141.0,47.0,62.0,1.0,40.0,874.2793650793651,778.5714285714286,409.4976390166412
Arizona,1968,95.0,142.0,46.0,68.0,1.0,36.0,874.2793650793651,778.5714285714286,414.4079309594907
Arizona,1969,97.0,145.0,39.0,70.0,2.0,12.0,874.2793650793651,778.5714285714286,377.76014361060857
Arizona,1970,90.0,135.0,36.0,59.0,4.0,16.0,874.2793650793651,778.5714285714286,302.019822922098
Arizona,1971,91.0,123.0,46.0,62.0,3.0,41.0,874.2793650793651,778.5714285714286,325.12370679511986
Arizona,1972,82.0,117.0,49.0,57.0,4.0,39.0,874.2793650793651,778.5714285714286,295.9526036908439
Arizona,1973,88.0,120.0,53.0,66.0,2.0,34.0,269.0,268.0,290.64152128637596
Arizona,1974,97.0,123.0,51.0,58.0,2.0,27.0,341.0,340.0,299.69320868460744
Arizona,1975,82.0,117.0,34.0,49.0,2.0,22.0,517.0,515.0,257.6512986604174
Arizona,1976,88.0,155.0,47.0,62.0,1.0,16.0,540.0,538.0,429.7359199559785
Arizona,1977,92.0,148.0,58.0,59.0,1.0,37.0,580.0,575.0,421.4993970904852
Arizona,1978,89.0,135.0,38.0,53.0,1.0,26.0,550.0,549.0,310.6724527057102
Arizona,1979,93.0,142.0,46.0,61.0,3.0,55.0,600.0,599.0,423.61437661596153
Arizona,1980,90.0,161.0,34.0,72.0,2.0,9.0,471.0,470.0,465.7001780608655
Arizona,1981,92.0,159.0,36.0,67.0,2.0,7.0,291.0,284.0,427.2005868309
Arizona,1982,94.0,126.0,35.0,59.0,3.0,34.0,430.0,429.0,320.9005169373986
Arizona,1983,90.0,113.0,45.0,43.0,11.0,14.0,360.0,359.0,208.7984966998217
Arizona,1984,98.0,150.0,48.0,59.0,4.0,29.0,250.0,249.0,400.7567782843039
Arizona,1985,95.0,157.0,51.0,55.0,9.0,6.0,290.0,289.0,413.8226308442313
Arizona,1986,93.0,122.0,39.0,47.0,7.0,12.0,350.0,349.0,231.73613116517248
Arizona,1987,95.0,159.0,39.0,70.0,58.66017316017316,58.19213973799127,240.0,239.0,546.144605239092
Arizona,1988,90.0,144.0,58.0,59.0,7.0,14.0,350.0,348.0,344.2227546335716
Arizona,1989,95.0,178.0,51.0,64.0,3.0,58.19213973799127,360.0,359.0,634.494230177952
Arizona,1990,94.0,155.0,47.0,68.0,8.0,58.19213973799127,325.0,323.0,530.388382333773
Arizona,1991,99.0,170.0,62.0,66.0,18.0,10.0,316.0,315.0,505.0861109217996
Arizona,1992,94.0,132.0,43.0,45.0,9.0,24.0,313.0,312.0,309.056427411438
Arizona,1993,98.0,149.0,44.0,68.0,10.0,5.0,365.0,364.0,373.3299277401311
Arizona,1994,99.0,223.0,45.0,53.0,22.0,10.0,315.0,314.0,583.875153274153
Arizona,1995,95.0,194.0,34.0,65.0,58.66017316017316,58.19213973799127,325.0,324.0,700.0
Arizona,1996,98.0,148.0,43.0,49.0,11.0,44.0,250.0,248.0,412.9944621656168
Arizona,1997,99.0,130.0,29.0,55.0,4.0,46.0,270.0,269.0,326.9920455408951
Arizona,1998,98.0,141.0,38.0,63.0,13.0,9.0,280.0,278.0,346.98483188826845
Arizona,1999,99.0,149.0,22.0,84.0,15.0,18.0,295.0,290.0,427.5051533670743
Arizona,2000,98.0,129.0,30.0,57.0,8.0,39.0,215.0,213.0,337.2968741321822
Arizona,2001,89.52136752136752,87.2051282051282,65.4508547008547,53.36752136752137,58.66017316017316,58.19213973799127,215.0,213.0,327.38690970251776
Arizona,2002,89.52136752136752,87.2051282051282,65.4508547008547,53.36752136752137,58.66017316017316,58.19213973799127,240.0,238.0,341.40051767666955
Arizona,2003,93.0,178.0,35.0,63.0,11.0,33.0,230.0,229.0,615.7374159977679
Arizona,2004,89.52136752136752,87.2051282051282,65.4508547008547,53.36752136752137,58.66017316017316,58.19213973799127,190.0,188.0,336.40760906260175
Arizona,2005,89.52136752136752,87.2051282051282,65.4508547008547,53.36752136752137,58.66017316017316,58.19213973799127,170.0,168.0,349.6253063547508
Arizona,2006,89.52136752136752,87.2051282051282,65.4508547008547,53.36752136752137,58.66017316017316,58.19213973799127,135.0,133.0,329.1554045343605
Arizona,2007,89.52136752136752,87.2051282051282,65.4508547008547,53.36752136752137,58.66017316017316,58.19213973799127,145.0,144.0,326.4569229213423
Arizona,2008,89.52136752136752,87.2051282051282,65.4508547008547,53.36752136752137,58.66017316017316,58.19213973799127,195.0,193.0,343.3197669962936
Arizona,2009,89.52136752136752,87.2051282051282,65.4508547008547,53.36752136752137,58.66017316017316,58.19213973799127,250.0,248.0,335.98029209140327
Arizona,2010,89.52136752136752,87.2051282051282,65.4508547008547,53.36752136752137,58.66017316017316,58.19213973799127,200.0,197.0,345.86102897718496
Arizona,2011,89.52136752136752,87.2051282051282,65.4508547008547,53.36752136752137,58.66017316017316,58.19213973799127,160.0,159.0,320.51224838534074
Arizona,2012,89.52136752136752,87.2051282051282,65.4508547008547,53.36752136752137,58.66017316017316,58.19213973799127,150.0,149.0,346.54033260293284
Arizona,2013,89.52136752136752,87.2051282051282,65.4508547008547,53.36752136752137,58.66017316017316,58.19213973799127,89.0,88.0,364.7883643788911
Arizona,2014,89.52136752136752,87.2051282051282,65.4508547008547,53.36752136752137,58.66017316017316,58.19213973799127,120.0,118.0,339.4106808236169
Arizona,2015,98.0,120.0,50.0,43.0,15.0,9.0,160.0,159.0,218.1242548540858
Arizona,2016,89.52136752136752,87.2051282051282,65.4508547008547,53.36752136752137,58.66017316017316,58.19213973799127,160.0,159.0,341.3861435877918
Arizona,2017,89.52136752136752,87.2051282051282,65.4508547008547,53.36752136752137,58.66017316017316,58.19213973799127,160.0,159.0,321.6337360957379
Arkansas,1964,97.0,68.0,59.0,39.0,65.0,48.0,874.2793650793651,778.5714285714286,356.0897917257103
Arkansas,1965,99.0,72.0,72.0,46.0,73.0,51.0,874.2793650793651,778.5714285714286,342.5521209536953
Arkansas,1966,97.0,70.0,77.0,44.0,76.0,51.0,874.2793650793651,778.5714285714286,355.77717585103454
Arkansas,1967,98.0,68.0,79.0,41.0,79.0,47.0,874.2793650793651,778.5714285714286,365.9144153217459
Arkansas,1968,99.0,63.0,66.0,45.0,61.0,55.0,874.2793650793651,778.5714285714286,376.2021852721907
Arkansas,1969,96.0,65.0,68.0,46.0,68.0,54.0,874.2793650793651,778.5714285714286,384.3270989721764
Arkansas,1970,95.0,67.0,60.0,43.0,63.0,53.0,874.2793650793651,778.5714285714286,378.24897933018576
Arkansas,1971,98.0,63.0,64.0,40.0,65.0,50.0,874.2793650793651,778.5714285714286,370.2144750545591
Arkansas,1972,99.0,62.0,72.0,44.0,70.0,54.0,874.2793650793651,778.5714285714286,368.7760133708793
Arkansas,1973,97.0,69.0,70.0,45.0,69.0,50.0,700.0,680.0,359.40807217319605
Arkansas,1974,98.0,68.0,72.0,40.0,75.0,46.0,1125.0,950.0,369.6790548393262
Arkansas,1975,98.0,57.0,67.0,40.0,72.0,46.0,950.0,930.0,351.58411109246805
Arkansas,1976,97.0,65.0,74.0,41.0,77.0,55.0,810.0,760.0,369.68323919070986
Arkansas,1977,95.0,66.0,75.0,48.0,78.0,60.0,610.0,530.0,384.073697925169
Arkansas,1978,93.0,64.0,62.0,42.0,74.0,50.0,700.0,645.0,370.1031195437825
Arkansas,1979,98.0,62.0,78.0,37.0,83.0,51.0,610.0,560.0,372.8901746899488
Arkansas,1980,98.0,59.0,76.0,39.0,85.0,53.0,410.0,390.0,392.48982827870077
Arkansas,1981,97.0,64.0,59.0,40.0,62.0,58.0,320.0,290.0,374.3266148323916
Arkansas,1982,97.0,67.0,68.0,36.0,72.0,48.0,470.0,465.0,357.02804394570785
Arkansas,1983,97.0,69.0,68.0,34.0,70.0,46.0,465.0,440.0,342.8403413100892
Arkansas,1984,97.0,75.0,80.0,38.0,82.0,53.0,490.0,480.0,343.773501143623
Arkansas,1985,100.0,70.0,76.0,37.0,77.0,51.0,555.0,550.0,342.4446250036742
Arkansas,1986,99.0,84.0,68.0,39.0,81.0,65.0,695.0,675.0,323.214578414415
Arkansas,1987,99.0,81.0,75.0,43.0,79.0,63.0,610.0,595.0,334.79594878257217
Arkansas,1988,99.0,79.0,71.0,44.0,75.0,58.0,770.0,750.0,338.3207184956126
Arkansas,1989,94.0,80.0,70.0,35.0,71.0,62.0,1000.0,980.0,335.54437169809296
Arkansas,1990,99.0,85.0,83.0,36.0,87.0,57.0,1000.0,980.0,321.0080122332501
Arkansas,1991,96.0,86.0,70.0,40.0,73.0,61.0,990.0,970.0,326.9263504809477
Arkansas,1992,98.0,88.0,64.0,44.0,74.0,66.0,980.0,970.0,327.57219208565317
Arkansas,1993,96.0,103.0,76.0,48.0,74.0,76.0,1170.0,1110.0,345.86908915848807
Arkansas,1994,93.0,110.0,70.0,44.0,81.0,73.0,1000.0,990.0,330.50716696154086
Arkansas,1995,97.0,101.0,74.0,45.0,85.0,75.0,980.0,965.0,319.9469598509363
Arkansas,1996,97.0,97.0,66.0,38.0,71.0,70.0,920.0,900.0,300.97656505795146
Arkansas,1997,92.0,77.0,83.0,54.0,91.0,67.0,970.0,960.0,382.69128957791327
Arkansas,1998,98.0,91.0,88.0,42.0,88.0,76.0,960.0,950.0,348.3031748497137
Arkansas,1999,97.0,93.0,82.0,40.0,85.0,77.0,1080.0,1065.0,332.638195555797
Arkansas,2000,100.0,88.0,78.0,41.0,84.0,82.0,960.0,920.0,354.67282561367733
Arkansas,2001,93.0,80.0,63.0,36.0,68.0,73.0,980.0,945.0,347.08022637247973
Arkansas,2002,89.52136752136752,87.2051282051282,65.4508547008547,53.36752136752137,58.66017316017316,58.19213973799127,910.0,900.0,344.06351150637613
Arkansas,2003,97.0,94.0,84.0,41.0,90.0,91.0,1050.0,1040.0,362.87051420580747
Arkansas,2004,89.52136752136752,87.2051282051282,65.4508547008547,53.36752136752137,58.66017316017316,58.19213973799127,1170.0,1160.0,337.33007313665183
Arkansas,2005,89.52136752136752,87.2051282051282,65.4508547008547,53.36752136752137,58.66017316017316,58.19213973799127,860.0,850.0,341.0354930751672
Arkansas,2006,89.52136752136752,87.2051282051282,65.4508547008547,53.36752136752137,58.66017316017316,58.19213973799127,620.0,615.0,342.1047004249631
Arkansas,2007,98.0,111.0,83.0,41.0,85.0,87.0,520.0,500.0,332.54074967337743
Arkansas,2008,89.52136752136752,87.2051282051282,65.4508547008547,53.36752136752137,58.66017316017316,58.19213973799127,545.0,540.0,325.98846979489
Arkansas,2009,89.52136752136752,87.2051282051282,65.4508547008547,53.36752136752137,58.66017316017316,58.19213973799127,680.0,660.0,321.48964210136694
Arkansas,2010,98.0,108.0,83.0,42.0,86.0,74.0,595.0,585.0,303.1833471725448
Arkansas,2011,89.52136752136752,87.2051282051282,65.4508547008547,53.36752136752137,58.66017316017316,58.19213973799127,310.0,305.0,341.2738403293456
Arkansas,2012,89.52136752136752,87.2051282051282,65.4508547008547,53.36752136752137,58.66017316017316,58.19213973799127,335.0,330.0,345.00768013010793
Arkansas,2013,89.52136752136752,87.2051282051282,65.4508547008547,53.36752136752137,58.66017316017316,58.19213973799127,210.0,207.0,334.51449940368536
Arkansas,2014,89.52136752136752,87.2051282051282,65.4508547008547,53.36752136752137,58.66017316017316,58.19213973799127,380.0,375.0,352.9743505276114
Arkansas,2015,100.0,129.0,79.0,47.0,80.0,86.0,445.0,438.0,378.9894190769197
Arkansas,2016,89.52136752136752,87.2051282051282,65.4508547008547,53.36752136752137,58.66017316017316,58.19213973799127,485.0,480.0,339.8455088129316
Arkansas,2017,97.0,160.0,74.0,53.0,79.0,100.0,620.0,610.0,584.8232867182852
California,1964,95.0,111.0,48.0,62.0,8.0,26.0,874.2793650793651,778.5714285714286,271.25351854044555
California,1965,96.0,150.0,37.0,81.0,58.66017316017316,58.19213973799127,874.2793650793651,778.5714285714286,513.5661570588159
California,1966,94.0,138.0,26.0,72.0,4.0,16.0,874.2793650793651,778.5714285714286,348.3191079650395
California,1967,91.0,145.0,42.0,99.0,6.0,74.0,874.2793650793651,778.5714285714286,521.5923835597915
California,1968,94.0,157.0,47.0,88.0,6.0,46.0,874.2793650793651,778.5714285714286,555.6988208740379
California,1969,93.0,135.0,42.0,91.0,1.0,31.0,874.2793650793651,778.5714285714286,376.14491329372356
California,1970,92.0,129.0,41.0,60.0,9.0,24.0,874.2793650793651,778.5714285714286,303.44975262428557
California,1971,90.0,124.0,41.0,73.0,6.0,37.0,874.2793650793651,778.5714285714286,327.07841100255644
California,1972,92.0,121.0,43.0,70.0,12.0,49.0,874.2793650793651,778.5714285714286,328.0446408277958
California,1973,88.0,125.0,45.0,84.0,9.0,50.0,900.0,875.0,371.76514910985634
California,1974,84.0,104.0,38.0,59.0,10.0,22.0,1130.0,1120.0,250.87809973699737
California,1975,86.0,137.0,30.0,74.0,1.0,43.0,1400.0,1390.0,395.5398788154247
California,1976,94.0,146.0,47.0,78.0,7.0,70.0,1480.0,1455.0,500.3884653073769
California,1977,95.0,142.0,47.0,75.0,10.0,50.0,1650.0,1635.0,449.6776309659075
California,1978,96.0,120.0,39.0,81.0,8.0,67.0,1550.0,1540.0,385.53532002185773
California,1979,94.0,106.0,31.0,65.0,5.0,44.0,1540.0,1530.0,300.41845908042654
California,1980,95.0,108.0,27.0,61.0,3.0,75.0,1380.0,1370.0,344.2251263610051
California,1981,97.0,110.0,36.0,73.0,5.0,84.0,960.0,950.0,383.46255144715303
California,1982,95.0,117.0,30.0,61.0,4.0,39.0,1410.0,1400.0,299.9615136148668
California,1983,95.0,117.0,33.0,52.0,6.0,38.0,1330.0,1320.0,297.56769335700426
California,1984,91.0,116.0,27.0,61.0,2.0,87.0,1000.0,990.0,385.15063049622665
California,1985,87.0,118.0,23.0,56.0,3.0,112.0,1150.0,1140.0,396.84374636648204
California,1986,92.0,104.0,16.0,62.0,2.0,24.0,1350.0,1335.0,261.04831515110084
California,1987,93.0,115.0,26.0,60.0,58.66017316017316,58.19213973799127,1050.0,1040.0,301.14528836477234
California,1988,93.0,124.0,36.0,45.0,16.0,39.0,1100.0,1090.0,284.9701351429838
California,1989,97.0,123.0,42.0,56.0,13.0,14.0,980.0,977.0,245.91838756567617
California,1990,94.0,140.0,31.0,68.0,3.0,40.0,1000.0,995.0,392.7203678100352
California,1991,95.0,138.0,35.0,87.0,10.0,38.0,1050.0,1045.0,413.6824205061232
California,1992,97.0,131.0,32.0,86.0,5.0,42.0,1100.0,1095.0,384.8515274415246
California,1993,98.0,139.0,33.0,51.0,6.0,58.19213973799127,1170.0,1165.0,393.4126435342689
California,1994,96.0,188.0,35.0,60.0,24.0,39.0,1000.0,995.0,654.6407275262557
California,1995,99.0,167.0,40.0,63.0,21.0,72.0,880.0,875.0,607.2055026682755
California,1996,96.0,175.0,37.0,83.0,16.0,58.0,650.0,620.0,666.2102115936186
California,1997,96.0,145.0,25.0,60.0,26.0,72.0,610.0,605.0,432.52072245668256
California,1998,98.0,128.0,23.0,75.0,13.0,83.0,775.0,770.0,418.74226619174556
California,1999,99.0,154.0,51.0,61.0,19.0,97.0,630.0,625.0,557.0829478456467
California,2000,98.0,139.0,29.0,57.0,12.0,58.0,480.0,477.0,400.10401618797835
California,2001,89.52136752136752,87.2051282051282,65.4508547008547,53.36752136752137,58.66017316017316,58.19213973799127,550.0,545.0,337.54024544087065
California,2002,89.52136752136752,87.2051282051282,65.4508547008547,53.36752136752137,58.66017316017316,58.19213973799127,560.0,557.0,346.4536947881335
California,2003,94.0,141.0,47.0,55.0,25.0,84.0,430.0,428.0,443.66629248620916
California,2004,89.52136752136752,87.2051282051282,65.4508547008547,53.36752136752137,58.66017316017316,58.19213973799127,285.0,283.0,360.9414398614515
California,2005,89.52136752136752,87.2051282051282,65.4508547008547,53.36752136752137,58.66017316017316,58.19213973799127,195.0,194.0,346.3084374091943
California,2006,89.52136752136752,87.2051282051282,65.4508547008547,53.36752136752137,58.66017316017316,58.19213973799127,120.0,117.0,339.5879203848678
California,2007,96.0,123.0,39.0,74.0,20.0,48.0,71.0,70.0,345.8765552973497
California,2008,89.52136752136752,87.2051282051282,65.4508547008547,53.36752136752137,58.66017316017316,58.19213973799127,124.0,123.0,338.81181432891265
California,2009,89.52136752136752,87.2051282051282,65.4508547008547,53.36752136752137,58.66017316017316,58.19213973799127,182.0,181.0,330.793057173836
California,2010,89.52136752136752,87.2051282051282,65.4508547008547,53.36752136752137,58.66017316017316,58.19213973799127,142.0,141.0,338.7278301134241
California,2011,89.52136752136752,87.2051282051282,65.4508547008547,53.36752136752137,58.66017316017316,58.19213973799127,93.0,92.0,342.3452969710186
California,2012,89.52136752136752,87.2051282051282,65.4508547008547,53.36752136752137,58.66017316017316,58.19213973799127,63.0,61.0,345.2561950481013
California,2013,89.52136752136752,87.2051282051282,65.4508547008547,53.36752136752137,58.66017316017316,58.19213973799127,47.0,46.0,345.2576285779144
California,2014,89.52136752136752,87.2051282051282,65.4508547008547,53.36752136752137,58.66017316017316,58.19213973799127,63.0,62.0,336.98941710317683
California,2015,94.0,97.0,28.0,31.0,33.0,48.0,88.0,87.0,251.80090566599713
California,2016,89.52136752136752,87.2051282051282,65.4508547008547,53.36752136752137,58.66017316017316,58.19213973799127,48.0,47.0,333.17516370350813
California,2017,89.52136752136752,87.2051282051282,65.4508547008547,53.36752136752137,58.66017316017316,58.19213973799127,55.0,54.0,355.24742701219077
Georgia,1964,100.0,80.0,99.0,64.0,100.0,89.0,874.2793650793651,778.5714285714286,430.3980308591315
Georgia,1965,99.0,86.0,99.0,65.0,99.0,89.0,874.2793650793651,778.5714285714286,410.8688459537951
Georgia,1966,100.0,104.0,100.0,66.0,100.0,104.0,874.2793650793651,778.5714285714286,391.53499579464534
Georgia,1967,100.0,102.0,100.0,64.0,100.0,95.0,874.2793650793651,778.5714285714286,384.3131123572989
Georgia,1968,100.0,97.0,100.0,62.0,100.0,94.0,874.2793650793651,778.5714285714286,373.35696250954356
Georgia,1969,100.0,105.0,100.0,65.0,98.0,92.0,874.2793650793651,778.5714285714286,374.53573263222455
Georgia,1970,100.0,92.0,100.0,59.0,100.0,85.0,874.2793650793651,778.5714285714286,374.53709429520814
Georgia,1971,100.0,94.0,100.0,61.0,100.0,90.0,874.2793650793651,778.5714285714286,379.9009487017477
Georgia,1972,100.0,82.0,100.0,60.0,98.0,91.0,874.2793650793651,778.5714285714286,421.2050074615317
Georgia,1973,100.0,95.0,100.0,65.0,100.0,102.0,165.0,160.0,391.5936039049501
Georgia,1974,100.0,119.0,98.0,65.0,100.0,103.0,255.0,240.0,398.2587672690133
Georgia,1975,100.0,130.0,100.0,53.0,100.0,84.0,230.0,170.0,379.17942940383205
Georgia,1976,100.0,92.0,100.0,61.0,98.0,88.0,120.0,115.0,372.6757535105366
Georgia,1977,100.0,109.0,100.0,67.0,100.0,110.0,155.0,150.0,409.38197752564747
Georgia,1978,100.0,78.0,100.0,60.0,100.0,93.0,170.0,160.0,410.29609956150637
Georgia,1979,86.0,69.0,96.0,47.0,99.0,79.0,180.0,175.0,414.47699359646924
Georgia,1980,93.0,80.0,98.0,50.0,98.0,77.0,163.0,158.0,377.8520301171141
Georgia,1981,100.0,63.0,93.0,48.0,85.0,83.0,120.0,115.0,428.31417336390814
Georgia,1982,100.0,79.0,90.0,53.0,100.0,89.0,175.0,172.0,408.03509694043487
Georgia,1983,100.0,72.0,91.0,53.0,100.0,73.0,255.0,245.0,397.70289397301394
Georgia,1984,100.0,69.0,93.0,51.0,98.0,88.0,225.0,195.0,436.6563930730543
Georgia,1985,100.0,78.0,93.0,62.0,100.0,86.0,250.0,245.0,417.69244267094575
Georgia,1986,92.0,80.0,87.0,55.0,90.0,88.0,350.0,315.0,410.13146678676213
Georgia,1987,89.52136752136752,87.2051282051282,65.4508547008547,53.36752136752137,58.66017316017316,58.19213973799127,265.0,260.0,337.7224692313607
Georgia,1988,89.52136752136752,87.2051282051282,65.4508547008547,53.36752136752137,58.66017316017316,58.19213973799127,355.0,350.0,342.4632475337872
Georgia,1989,89.52136752136752,87.2051282051282,65.4508547008547,53.36752136752137,58.66017316017316,58.19213973799127,430.0,427.0,342.3547705928029
Georgia,1990,89.52136752136752,87.2051282051282,65.4508547008547,53.36752136752137,58.66017316017316,58.19213973799127,460.0,456.0,342.0674839515706
Georgia,1991,89.52136752136752,87.2051282051282,65.4508547008547,53.36752136752137,58.66017316017316,58.19213973799127,615.0,600.0,330.2222058097988
Georgia,1992,89.52136752136752,87.2051282051282,65.4508547008547,53.36752136752137,58.66017316017316,58.19213973799127,885.0,875.0,343.86618216949876
Georgia,1993,89.52136752136752,87.2051282051282,65.4508547008547,53.36752136752137,58.66017316017316,58.19213973799127,1500.0,1490.0,336.5629344357592
Georgia,1994,89.52136752136752,87.2051282051282,65.4508547008547,53.36752136752137,58.66017316017316,58.19213973799127,1340.0,1336.0,345.74911786382063
Georgia,1995,89.52136752136752,87.2051282051282,65.4508547008547,53.36752136752137,58.66017316017316,58.19213973799127,1440.0,1425.0,318.82288435068733
Georgia,1996,99.0,104.0,99.0,57.0,97.0,106.0,1370.0,1280.0,371.03990986353006
Georgia,1997,95.0,92.0,94.0,60.0,99.0,93.0,1470.0,1300.0,393.3603566956308
Georgia,1998,96.0,91.0,90.0,58.0,92.0,97.0,1500.0,1350.0,411.9321664681363
Georgia,1999,100.0,87.0,98.0,57.0,100.0,109.0,1490.0,1480.0,425.77846632467674
Georgia,2000,96.0,87.0,94.0,55.0,93.0,84.0,1450.0,1360.0,373.513304648018
Georgia,2001,99.0,79.0,92.0,52.0,93.0,85.0,1300.0,1290.0,381.2705770003189
Georgia,2002,89.52136752136752,87.2051282051282,65.4508547008547,53.36752136752137,58.66017316017316,58.19213973799127,1290.0,1280.0,346.834671148678
Georgia,2003,100.0,96.0,90.0,56.0,91.0,90.0,1220.0,1210.0,370.0790443262133
Georgia,2004,89.52136752136752,87.2051282051282,65.4508547008547,53.36752136752137,58.66017316017316,58.19213973799127,1400.0,1370.0,345.36419678631773
Georgia,2005,89.52136752136752,87.2051282051282,65.4508547008547,53.36752136752137,58.66017316017316,58.19213973799127,1030.0,995.0,340.7644969659468
Georgia,2006,89.52136752136752,87.2051282051282,65.4508547008547,53.36752136752137,58.66017316017316,58.19213973799127,940.0,920.0,339.9357498057494
Georgia,2007,98.0,90.0,91.0,60.0,91.0,87.0,1000.0,990.0,414.54033244470014
Georgia,2008,89.52136752136752,87.2051282051282,65.4508547008547,53.36752136752137,58.66017316017316,58.19213973799127,1330.0,1315.0,339.58963572089726
Georgia,2009,89.52136752136752,87.2051282051282,65.4508547008547,53.36752136752137,58.66017316017316,58.19213973799127,1600.0,1495.0,338.10819685224425
Georgia,2010,95.0,95.0,86.0,59.0,91.0,105.0,1290.0,1280.0,397.3497973771083
Georgia,2011,89.52136752136752,87.2051282051282,65.4508547008547,53.36752136752137,58.66017316017316,58.19213973799127,1370.0,1340.0,334.00304117284554
Georgia,2012,89.52136752136752,87.2051282051282,65.4508547008547,53.36752136752137,58.66017316017316,58.19213973799127,1380.0,1370.0,349.2287966483416
Georgia,2013,89.52136752136752,87.2051282051282,65.4508547008547,53.36752136752137,58.66017316017316,58.19213973799127,1130.0,1120.0,336.22625902595587
Georgia,2014,89.52136752136752,87.2051282051282,65.4508547008547,53.36752136752137,58.66017316017316,58.19213973799127,1180.0,1165.0,345.8018935859293
Georgia,2015,99.0,90.0,82.0,51.0,97.0,96.0,1280.0,1270.0,384.7056986670234
Georgia,2016,89.52136752136752,87.2051282051282,65.4508547008547,53.36752136752137,58.66017316017316,58.19213973799127,1430.0,1305.0,351.4430221099262
Georgia,2017,100.0,112.0,81.0,55.0,91.0,89.0,1400.0,1390.0,363.2149771344522
Louisiana,1964,97.0,54.0,62.0,34.0,69.0,35.0,874.2793650793651,778.5714285714286,335.9496732835722
Louisiana,1965,93.0,56.0,63.0,40.0,64.0,41.0,874.2793650793651,778.5714285714286,352.02181363628495
Louisiana,1966,90.0,69.0,58.0,48.0,58.0,48.0,874.2793650793651,778.5714285714286,378.2260141098458
Louisiana,1967,91.0,69.0,61.0,49.0,62.0,50.0,874.2793650793651,778.5714285714286,363.38812731611586
Louisiana,1968,92.0,76.0,48.0,43.0,51.0,46.0,874.2793650793651,778.5714285714286,321.8827533036148
Louisiana,1969,97.0,63.0,62.0,46.0,64.0,47.0,874.2793650793651,778.5714285714286,366.68935048805974
Louisiana,1970,95.0,81.0,57.0,50.0,56.0,50.0,874.2793650793651,778.5714285714286,350.5371467608991
Louisiana,1971,98.0,69.0,69.0,50.0,69.0,53.0,874.2793650793651,778.5714285714286,361.7036405382432
Louisiana,1972,98.0,73.0,70.0,54.0,70.0,56.0,874.2793650793651,778.5714285714286,367.83177281023063
Louisiana,1973,91.0,71.0,60.0,59.0,60.0,60.0,320.0,310.0,389.32322960214185
Louisiana,1974,98.0,69.0,59.0,54.0,59.0,51.0,570.0,560.0,366.8901211562399
Louisiana,1975,98.0,69.0,50.0,45.0,50.0,45.0,545.0,540.0,343.6416521173651
Louisiana,1976,98.0,72.0,63.0,52.0,63.0,52.0,515.0,510.0,354.8581226097982
Louisiana,1977,98.0,70.0,63.0,51.0,61.0,49.0,470.0,465.0,364.0695004859989
Louisiana,1978,99.0,78.0,81.0,48.0,81.0,49.0,570.0,560.0,338.45781112285283
Louisiana,1979,100.0,68.0,65.0,49.0,65.0,53.0,700.0,695.0,369.61249503201
Louisiana,1980,96.0,69.0,92.0,48.0,92.0,52.0,605.0,595.0,354.62020761129656
Louisiana,1981,98.0,73.0,80.0,46.0,80.0,51.0,420.0,410.0,367.53837159471016
Louisiana,1982,98.0,74.0,73.0,47.0,72.0,53.0,650.0,645.0,344.49161272196756
Louisiana,1983,100.0,69.0,62.0,42.0,70.0,58.0,640.0,630.0,371.8058504164969
Louisiana,1984,99.0,81.0,77.0,52.0,77.0,59.0,580.0,570.0,344.7626440268184
Louisiana,1985,100.0,80.0,70.0,48.0,76.0,64.0,605.0,600.0,364.86267185560854
Louisiana,1986,100.0,95.0,72.0,43.0,73.0,48.0,735.0,645.0,298.92776431713986
Louisiana,1987,100.0,74.0,68.0,47.0,71.0,55.0,645.0,620.0,351.81465308007597
Louisiana,1988,94.0,88.0,59.0,51.0,65.0,58.0,810.0,790.0,314.79243085473604
Louisiana,1989,100.0,86.0,70.0,45.0,72.0,55.0,875.0,820.0,330.6118129887623
Louisiana,1990,99.0,77.0,62.0,48.0,62.0,62.0,890.0,870.0,382.05786244856534
Louisiana,1991,90.0,100.0,46.0,55.0,43.0,79.0,890.0,875.0,351.9598061406357
Louisiana,1992,98.0,78.0,57.0,44.0,59.0,75.0,900.0,890.0,373.7972499149283
Louisiana,1993,86.0,85.0,51.0,45.0,52.0,66.0,1085.0,1075.0,350.26580215052957
Louisiana,1994,92.0,157.0,40.0,45.0,40.0,59.0,890.0,885.0,501.72429293447885
Louisiana,1995,88.0,117.0,42.0,47.0,48.0,73.0,655.0,650.0,320.60287140940136
Louisiana,1996,91.0,74.0,64.0,45.0,67.0,67.0,535.0,525.0,367.66509393134584
Louisiana,1997,98.0,79.0,71.0,51.0,76.0,70.0,615.0,610.0,380.8780967812183
Louisiana,1998,99.0,90.0,69.0,42.0,73.0,76.0,710.0,695.0,336.9158141092734
Louisiana,1999,100.0,85.0,43.0,55.0,45.0,68.0,870.0,855.0,375.30829339931546
Louisiana,2000,100.0,86.0,64.0,44.0,66.0,70.0,520.0,495.0,336.72397086229444
Louisiana,2001,95.0,86.0,50.0,42.0,52.0,77.0,525.0,510.0,356.7504013122964
Louisiana,2002,89.52136752136752,87.2051282051282,65.4508547008547,53.36752136752137,58.66017316017316,58.19213973799127,500.0,490.0,342.9640768172708
Louisiana,2003,99.0,87.0,45.0,37.0,59.0,52.0,610.0,600.0,301.8934795745931
Louisiana,2004,89.52136752136752,87.2051282051282,65.4508547008547,53.36752136752137,58.66017316017316,58.19213973799127,635.0,630.0,351.0262568707687
Louisiana,2005,89.52136752136752,87.2051282051282,65.4508547008547,53.36752136752137,58.66017316017316,58.19213973799127,335.0,330.0,346.22885406596794
Louisiana,2006,89.52136752136752,87.2051282051282,65.4508547008547,53.36752136752137,58.66017316017316,58.19213973799127,300.0,234.0,329.92556726589595
Louisiana,2007,100.0,87.0,70.0,35.0,63.0,76.0,230.0,225.0,338.60692479484806
Louisiana,2008,89.52136752136752,87.2051282051282,65.4508547008547,53.36752136752137,58.66017316017316,58.19213973799127,255.0,249.0,352.9524180174735
Louisiana,2009,89.52136752136752,87.2051282051282,65.4508547008547,53.36752136752137,58.66017316017316,58.19213973799127,295.0,290.0,338.3868510729233
Louisiana,2010,89.52136752136752,87.2051282051282,65.4508547008547,53.36752136752137,58.66017316017316,58.19213973799127,230.0,225.0,337.24312037818834
Louisiana,2011,89.52136752136752,87.2051282051282,65.4508547008547,53.36752136752137,58.66017316017316,58.19213973799127,130.0,128.0,333.16989528516865
Louisiana,2012,89.52136752136752,87.2051282051282,65.4508547008547,53.36752136752137,58.66017316017316,58.19213973799127,170.0,168.0,339.51732311599653
Louisiana,2013,89.52136752136752,87.2051282051282,65.4508547008547,53.36752136752137,58.66017316017316,58.19213973799127,115.0,112.0,346.28815557817643
Louisiana,2014,89.52136752136752,87.2051282051282,65.4508547008547,53.36752136752137,58.66017316017316,58.19213973799127,140.0,137.0,331.7377434229178
Louisiana,2015,89.52136752136752,87.2051282051282,65.4508547008547,53.36752136752137,58.66017316017316,58.19213973799127,220.0,217.0,326.62250617458517
Louisiana,2016,89.52136752136752,87.2051282051282,65.4508547008547,53.36752136752137,58.66017316017316,58.19213973799127,195.0,189.0,336.0134448001696
Louisiana,2017,89.52136752136752,87.2051282051282,65.4508547008547,53.36752136752137,58.66017316017316,58.19213973799127,280.0,270.0,326.29966576231965
Mississippi,1964,99.0,77.0,59.0,50.0,59.0,50.0,874.2793650793651,778.5714285714286,354.57740880165
Mississippi,1965,100.0,104.0,56.0,58.0,54.0,55.0,874.2793650793651,778.5714285714286,309.81170653503716
Mississippi,1966,98.0,98.0,71.0,54.0,72.0,55.0,874.2793650793651,778.5714285714286,296.67424190873294
Mississippi,1967,97.0,98.0,58.0,56.0,58.0,57.0,874.2793650793651,778.5714285714286,316.64408888489766
Mississippi,1968,100.0,91.0,63.0,52.0,62.0,53.0,874.2793650793651,778.5714285714286,318.5866169715723
Mississippi,1969,100.0,93.0,59.0,56.0,59.0,57.0,874.2793650793651,778.5714285714286,333.2052835666665
Mississippi,1970,99.0,96.0,42.0,60.0,42.0,61.0,874.2793650793651,778.5714285714286,334.4896295520248
Mississippi,1971,100.0,93.0,41.0,55.0,43.0,63.0,874.2793650793651,778.5714285714286,354.2911033418512
Mississippi,1972,100.0,92.0,48.0,64.0,47.0,65.0,874.2793650793651,778.5714285714286,351.28254820309587
Mississippi,1973,100.0,90.0,49.0,64.0,50.0,65.0,1140.0,1100.0,360.1586386703125
Mississippi,1974,100.0,103.0,45.0,64.0,46.0,64.0,1530.0,1470.0,337.316376819374
Mississippi,1975,100.0,92.0,47.0,59.0,48.0,66.0,1380.0,1360.0,346.74923765170263
Mississippi,1976,100.0,90.0,40.0,53.0,40.0,54.0,1200.0,1180.0,327.28898334782167
Mississippi,1977,99.0,98.0,43.0,57.0,44.0,57.0,1090.0,1050.0,326.9009361874881
Mississippi,1978,99.0,92.0,36.0,54.0,38.0,59.0,1150.0,1125.0,343.62503647450234
Mississippi,1979,100.0,87.0,32.0,61.0,33.0,63.0,1230.0,1200.0,344.89678803956866
Mississippi,1980,99.0,92.0,33.0,50.0,34.0,55.0,1000.0,990.0,313.0250522738808
Mississippi,1981,99.0,91.0,41.0,45.0,48.0,59.0,687.0,675.0,313.2291158352798
Mississippi,1982,100.0,94.0,41.0,54.0,41.0,65.0,1045.0,1032.0,344.55323739300627
Mississippi,1983,99.0,98.0,45.0,50.0,50.0,63.0,1050.0,1040.0,315.43882353737695
Mississippi,1984,98.0,103.0,44.0,57.0,46.0,68.0,1020.0,1000.0,314.28325425262386
Mississippi,1985,98.0,104.0,42.0,56.0,44.0,59.0,1020.0,1010.0,317.6519861721144
Mississippi,1986,96.0,102.0,39.0,54.0,49.0,63.0,1230.0,1190.0,320.63167009822246
Mississippi,1987,100.0,106.0,48.0,52.0,60.0,71.0,1050.0,1020.0,328.6125544256798
Mississippi,1988,98.0,110.0,50.0,49.0,56.0,59.0,1230.0,1220.0,294.3877162057055
Mississippi,1989,100.0,103.0,54.0,49.0,61.0,65.0,1245.0,1230.0,331.1445348782925
Mississippi,1990,99.0,109.0,42.0,50.0,56.0,78.0,1350.0,1345.0,330.1303999941842
Mississippi,1991,100.0,109.0,52.0,50.0,68.0,76.0,1330.0,1300.0,328.62963229862055
Mississippi,1992,100.0,112.0,41.0,57.0,73.0,98.0,1280.0,1270.0,366.4679942480896
Mississippi,1993,95.0,111.0,43.0,57.0,68.0,94.0,1460.0,1420.0,359.9667149444713
Mississippi,1994,100.0,122.0,45.0,54.0,66.0,101.0,1120.0,1100.0,379.08684190870304
Mississippi,1995,100.0,112.0,40.0,54.0,60.0,86.0,985.0,970.0,349.3738480434654
Mississippi,1996,98.0,100.0,27.0,47.0,56.0,100.0,950.0,940.0,352.637682248846
Mississippi,1997,100.0,109.0,46.0,50.0,77.0,95.0,1200.0,1180.0,376.5040052110011
Mississippi,1998,97.0,107.0,51.0,57.0,67.0,99.0,1300.0,1280.0,356.497370598157
Mississippi,1999,100.0,111.0,36.0,50.0,65.0,109.0,1620.0,1600.0,365.1829400992053
Mississippi,2000,100.0,114.0,44.0,52.0,68.0,97.0,1170.0,1150.0,362.68533507724976
Mississippi,2001,99.0,112.0,31.0,51.0,46.0,98.0,1110.0,1090.0,370.6123035920574
Mississippi,2002,89.52136752136752,87.2051282051282,65.4508547008547,53.36752136752137,58.66017316017316,58.19213973799127,1110.0,1100.0,335.64571523772145
Mississippi,2003,99.0,109.0,45.0,46.0,70.0,106.0,1210.0,1200.0,370.0949971963894
Mississippi,2004,89.52136752136752,87.2051282051282,65.4508547008547,53.36752136752137,58.66017316017316,58.19213973799127,1230.0,1220.0,330.1013026398848
Mississippi,2005,89.52136752136752,87.2051282051282,65.4508547008547,53.36752136752137,58.66017316017316,58.19213973799127,660.0,655.0,340.2226056831242
Mississippi,2006,89.52136752136752,87.2051282051282,65.4508547008547,53.36752136752137,58.66017316017316,58.19213973799127,365.0,360.0,356.52309889802746
Mississippi,2007,100.0,117.0,33.0,58.0,54.0,106.0,305.0,295.0,384.8189753244367
Mississippi,2008,89.52136752136752,87.2051282051282,65.4508547008547,53.36752136752137,58.66017316017316,58.19213973799127,420.0,410.0,343.70839615162004
Mississippi,2009,89.52136752136752,87.2051282051282,65.4508547008547,53.36752136752137,58.66017316017316,58.19213973799127,630.0,605.0,341.6510348062993
Mississippi,2010,95.0,100.0,32.0,47.0,53.0,91.0,475.0,470.0,328.1634652814288
Mississippi,2011,89.52136752136752,87.2051282051282,65.4508547008547,53.36752136752137,58.66017316017316,58.19213973799127,290.0,287.0,333.95046713655057
Mississippi,2012,89.52136752136752,87.2051282051282,65.4508547008547,53.36752136752137,58.66017316017316,58.19213973799127,425.0,420.0,350.5932005594704
Mississippi,2013,89.52136752136752,87.2051282051282,65.4508547008547,53.36752136752137,58.66017316017316,58.19213973799127,320.0,315.0,340.9558646191356
Mississippi,2014,89.52136752136752,87.2051282051282,65.4508547008547,53.36752136752137,58.66017316017316,58.19213973799127,435.0,430.0,327.91985613162973
Mississippi,2015,96.0,107.0,44.0,116.0,65.0,116.0,630.0,625.0,507.32473949852084
Mississippi,2016,89.52136752136752,87.2051282051282,65.4508547008547,53.36752136752137,58.66017316017316,58.19213973799127,620.0,615.0,335.013277718032
Mississippi,2017,99.0,116.0,47.0,52.0,60.0,91.0,720.0,710.0,364.57436958630024
Missouri,1964,100.0,85.0,95.0,58.0,95.0,59.0,874.2793650793651,778.5714285714286,357.91201711929625
Missouri,1965,99.0,64.0,96.0,46.0,96.0,49.0,874.2793650793651,778.5714285714286,363.35251932138414
Missouri,1966,94.0,71.0,96.0,57.0,96.0,61.0,874.2793650793651,778.5714285714286,401.5972538193472
Missouri,1967,99.0,50.0,94.0,53.0,94.0,56.0,874.2793650793651,778.5714285714286,402.5353496524601
Missouri,1968,93.0,54.0,92.0,48.0,92.0,52.0,874.2793650793651,778.5714285714286,383.72311370301793
Missouri,1969,94.0,56.0,91.0,49.0,91.0,57.0,874.2793650793651,778.5714285714286,395.04086186035033
Missouri,1970,90.0,57.0,84.0,42.0,84.0,44.0,874.2793650793651,778.5714285714286,368.203797338748
Missouri,1971,99.0,55.0,84.0,45.0,87.0,50.0,874.2793650793651,778.5714285714286,388.62578438950925
Missouri,1972,100.0,63.0,91.0,51.0,91.0,56.0,874.2793650793651,778.5714285714286,387.4378506138055
Missouri,1973,88.0,47.0,94.0,54.0,97.0,77.0,220.0,210.0,450.67123531650276
Missouri,1974,97.0,60.0,85.0,51.0,89.0,73.0,305.0,260.0,426.99323270147124
Missouri,1975,96.0,56.0,84.0,43.0,87.0,56.0,270.0,258.0,385.17073370195357
Missouri,1976,90.0,36.0,91.0,47.0,91.0,57.0,210.0,182.0,396.01528855937806
Missouri,1977,96.0,49.0,83.0,39.0,88.0,62.0,157.0,137.0,407.9255532674066
Missouri,1978,91.0,44.0,88.0,48.0,94.0,51.0,245.0,241.0,393.06676536749455
Missouri,1979,96.0,52.0,96.0,50.0,100.0,52.0,242.0,183.0,398.7751957843772
Missouri,1980,100.0,55.0,78.0,45.0,100.0,75.0,154.0,151.0,405.613664431266
Missouri,1981,92.0,47.0,75.0,37.0,85.0,67.0,108.0,93.0,395.3503349133696
Missouri,1982,100.0,54.0,83.0,31.0,83.0,80.0,164.0,162.0,400.7473728735348
Missouri,1983,100.0,44.0,100.0,39.0,100.0,68.0,152.0,150.0,404.5681126039604
Missouri,1984,100.0,70.0,100.0,31.0,100.0,66.0,178.0,160.0,355.887308146061
Missouri,1985,98.0,56.0,68.0,35.0,98.0,62.0,200.0,199.0,388.3468931107648
Missouri,1986,100.0,57.0,82.0,48.0,88.0,63.0,245.0,242.0,424.23228986186757
Missouri,1987,89.52136752136752,87.2051282051282,65.4508547008547,53.36752136752137,58.66017316017316,58.19213973799127,214.0,209.0,334.52185710779395
Missouri,1988,89.52136752136752,87.2051282051282,65.4508547008547,53.36752136752137,58.66017316017316,58.19213973799127,248.0,235.0,334.8986316003028
Missouri,1989,89.52136752136752,87.2051282051282,65.4508547008547,53.36752136752137,58.66017316017316,58.19213973799127,332.0,327.0,326.9823530227978
Missouri,1990,89.52136752136752,87.2051282051282,65.4508547008547,53.36752136752137,58.66017316017316,58.19213973799127,335.0,328.0,339.5651522710822
Missouri,1991,89.52136752136752,87.2051282051282,65.4508547008547,53.36752136752137,58.66017316017316,58.19213973799127,345.0,335.0,349.0999222484446
Missouri,1992,89.52136752136752,87.2051282051282,65.4508547008547,53.36752136752137,58.66017316017316,58.19213973799127,352.0,345.0,322.7067808469212
Missouri,1993,89.52136752136752,87.2051282051282,65.4508547008547,53.36752136752137,58.66017316017316,58.19213973799127,462.0,453.0,333.20656649173714
Missouri,1994,89.52136752136752,87.2051282051282,65.4508547008547,53.36752136752137,58.66017316017316,58.19213973799127,390.0,385.0,339.99668087579875
Missouri,1995,89.52136752136752,87.2051282051282,65.4508547008547,53.36752136752137,58.66017316017316,58.19213973799127,395.0,390.0,347.87396162188685
Missouri,1996,89.52136752136752,87.2051282051282,65.4508547008547,53.36752136752137,58.66017316017316,58.19213973799127,370.0,357.0,343.35333674379905
Missouri,1997,100.0,112.0,72.0,37.0,95.0,78.0,380.0,377.0,313.99806825096834
Missouri,1998,89.52136752136752,87.2051282051282,65.4508547008547,53.36752136752137,58.66017316017316,58.19213973799127,400.0,388.0,337.4786472915903
Missouri,1999,89.52136752136752,87.2051282051282,65.4508547008547,53.36752136752137,58.66017316017316,58.19213973799127,405.0,400.0,344.31123219916884
Missouri,2000,100.0,101.0,86.0,34.0,95.0,88.0,380.0,368.0,329.62785455265725
Missouri,2001,89.52136752136752,87.2051282051282,65.4508547008547,53.36752136752137,58.66017316017316,58.19213973799127,400.0,390.0,323.1139044598907
Missouri,2002,89.52136752136752,87.2051282051282,65.4508547008547,53.36752136752137,58.66017316017316,58.19213973799127,380.0,378.0,346.69775744804815
Missouri,2003,100.0,89.0,73.0,40.0,81.0,80.0,440.0,438.0,341.358125177431
Missouri,2004,89.52136752136752,87.2051282051282,65.4508547008547,53.36752136752137,58.66017316017316,58.19213973799127,500.0,496.0,334.52113372694987
Missouri,2005,89.52136752136752,87.2051282051282,65.4508547008547,53.36752136752137,58.66017316017316,58.19213973799127,380.0,379.0,316.0114075041127
Missouri,2006,89.52136752136752,87.2051282051282,65.4508547008547,53.36752136752137,58.66017316017316,58.19213973799127,306.0,303.0,326.29360567468984
Missouri,2007,98.0,97.0,88.0,31.0,95.0,68.0,272.0,260.0,309.4730926096811
Missouri,2008,89.52136752136752,87.2051282051282,65.4508547008547,53.36752136752137,58.66017316017316,58.19213973799127,310.0,308.0,332.98701835768077
Missouri,2009,89.52136752136752,87.2051282051282,65.4508547008547,53.36752136752137,58.66017316017316,58.19213973799127,375.0,367.0,329.1534611570705
Missouri,2010,100.0,130.0,81.0,48.0,93.0,87.0,350.0,330.0,383.13322758518757
Missouri,2011,89.52136752136752,87.2051282051282,65.4508547008547,53.36752136752137,58.66017316017316,58.19213973799127,255.0,246.0,332.43940798336394
Missouri,2012,89.52136752136752,87.2051282051282,65.4508547008547,53.36752136752137,58.66017316017316,58.19213973799127,250.0,245.0,340.8521544891668
Missouri,2013,89.52136752136752,87.2051282051282,65.4508547008547,53.36752136752137,58.66017316017316,58.19213973799127,185.0,175.0,354.326149285985
Missouri,2014,89.52136752136752,87.2051282051282,65.4508547008547,53.36752136752137,58.66017316017316,58.19213973799127,280.0,266.0,333.97324860025185
Missouri,2015,100.0,96.0,74.0,35.0,92.0,62.0,305.0,297.0,295.5713628047569
Missouri,2016,89.52136752136752,87.2051282051282,65.4508547008547,53.36752136752137,58.66017316017316,58.19213973799127,325.0,322.0,328.54905975065515
Missouri,2017,98.0,112.0,87.0,46.0,96.0,70.0,380.0,368.0,331.10149264041627
New Mexico,1964,63.0,85.0,58.0,60.0,58.66017316017316,58.19213973799127,874.2793650793651,778.5714285714286,358.150125274269
New Mexico,1965,71.0,81.0,45.0,79.0,5.0,28.0,874.2793650793651,778.5714285714286,333.8834991837492
New Mexico,1966,52.0,73.0,44.0,64.0,9.0,23.0,874.2793650793651,778.5714285714286,344.51586615408974
New Mexico,1967,67.0,67.0,57.0,70.0,9.0,40.0,874.2793650793651,778.5714285714286,402.5932812814202
New Mexico,1968,67.0,83.0,62.0,74.0,13.0,41.0,874.2793650793651,778.5714285714286,357.162993907947
New Mexico,1969,57.0,92.0,48.0,77.0,58.66017316017316,58.19213973799127,874.2793650793651,778.5714285714286,350.6962464396531
New Mexico,1970,61.0,72.0,50.0,85.0,6.0,17.0,874.2793650793651,778.5714285714286,371.4617847248302
New Mexico,1971,56.0,70.0,42.0,50.0,11.0,12.0,874.2793650793651,778.5714285714286,304.0866054258488
New Mexico,1972,61.0,69.0,63.0,69.0,9.0,31.0,874.2793650793651,778.5714285714286,380.0159960470786
New Mexico,1973,64.0,60.0,38.0,64.0,5.0,18.0,95.0,85.0,349.7911813270597
New Mexico,1974,52.0,49.0,48.0,57.0,16.0,26.0,68.0,64.0,366.2399300554797
New Mexico,1975,45.0,54.0,32.0,58.0,13.0,18.0,131.0,128.0,355.2910207109527
New Mexico,1976,56.0,59.0,38.0,59.0,8.0,22.0,137.0,109.0,368.59711814463435
New Mexico,1977,89.52136752136752,87.2051282051282,65.4508547008547,53.36752136752137,58.66017316017316,58.19213973799127,154.0,126.0,341.0324191843263
New Mexico,1978,89.52136752136752,87.2051282051282,65.4508547008547,53.36752136752137,58.66017316017316,58.19213973799127,151.0,120.0,327.4886769956413
New Mexico,1979,70.0,61.0,51.0,54.0,14.0,15.0,136.0,106.0,335.8314075416803
New Mexico,1980,40.0,64.0,28.0,51.0,2.0,10.0,79.0,68.0,327.713803865832
New Mexico,1981,65.0,58.0,42.0,50.0,12.0,19.0,56.0,47.0,341.26783152381967
New Mexico,1982,47.0,64.0,30.0,57.0,8.0,37.0,77.0,69.0,374.03374397697655
New Mexico,1983,54.0,88.0,30.0,49.0,9.0,1.0,70.0,54.0,200.0
New Mexico,1984,66.0,71.0,34.0,64.0,14.0,6.0,63.0,50.0,286.7360019298672
New Mexico,1985,59.0,58.0,47.0,48.0,2.0,14.0,66.0,62.0,321.48355456237994
New Mexico,1986,49.0,54.0,28.0,60.0,3.0,6.0,77.0,69.0,324.6487795870775
New Mexico,1987,89.52136752136752,87.2051282051282,65.4508547008547,53.36752136752137,58.66017316017316,58.19213973799127,61.0,55.0,340.6557658549755
New Mexico,1988,89.52136752136752,87.2051282051282,65.4508547008547,53.36752136752137,58.66017316017316,58.19213973799127,69.0,62.0,341.2546317160744
New Mexico,1989,89.52136752136752,87.2051282051282,65.4508547008547,53.36752136752137,58.66017316017316,58.19213973799127,69.0,65.0,355.1479125656318
New Mexico,1990,89.52136752136752,87.2051282051282,65.4508547008547,53.36752136752137,58.66017316017316,58.19213973799127,55.0,37.0,340.2167647371229
New Mexico,1991,89.52136752136752,87.2051282051282,65.4508547008547,53.36752136752137,58.66017316017316,58.19213973799127,54.0,49.0,349.9475741000529
New Mexico,1992,89.52136752136752,87.2051282051282,65.4508547008547,53.36752136752137,58.66017316017316,58.19213973799127,55.0,50.0,339.2684211910532
New Mexico,1993,89.52136752136752,87.2051282051282,65.4508547008547,53.36752136752137,58.66017316017316,58.19213973799127,61.0,56.0,353.66754967775313
New Mexico,1994,89.52136752136752,87.2051282051282,65.4508547008547,53.36752136752137,58.66017316017316,58.19213973799127,59.0,55.0,321.55225280430886
New Mexico,1995,89.52136752136752,87.2051282051282,65.4508547008547,53.36752136752137,58.66017316017316,58.19213973799127,70.0,66.0,333.85602421730823
New Mexico,1996,89.52136752136752,87.2051282051282,65.4508547008547,53.36752136752137,58.66017316017316,58.19213973799127,66.0,60.0,349.1601067361096
New Mexico,1997,89.52136752136752,87.2051282051282,65.4508547008547,53.36752136752137,58.66017316017316,58.19213973799127,84.0,79.0,337.98869896112956
New Mexico,1998,89.52136752136752,87.2051282051282,65.4508547008547,53.36752136752137,58.66017316017316,58.19213973799127,72.0,67.0,348.6617912076347
New Mexico,1999,89.52136752136752,87.2051282051282,65.4508547008547,53.36752136752137,58.66017316017316,58.19213973799127,68.0,65.0,343.37458242604305
New Mexico,2000,89.52136752136752,87.2051282051282,65.4508547008547,53.36752136752137,58.66017316017316,58.19213973799127,54.0,50.0,348.8006065921984
New Mexico,2001,89.52136752136752,87.2051282051282,65.4508547008547,53.36752136752137,58.66017316017316,58.19213973799127,53.0,38.0,345.5805708806062
New Mexico,2002,89.52136752136752,87.2051282051282,65.4508547008547,53.36752136752137,58.66017316017316,58.19213973799127,68.0,64.0,346.16671337137825
New Mexico,2003,89.52136752136752,87.2051282051282,65.4508547008547,53.36752136752137,58.66017316017316,58.19213973799127,56.0,51.0,354.088926998549
New Mexico,2004,89.52136752136752,87.2051282051282,65.4508547008547,53.36752136752137,58.66017316017316,58.19213973799127,50.0,48.0,349.1933958557574
New Mexico,2005,89.52136752136752,87.2051282051282,65.4508547008547,53.36752136752137,58.66017316017316,58.19213973799127,43.0,39.0,349.2643419554254
New Mexico,2006,89.52136752136752,87.2051282051282,65.4508547008547,53.36752136752137,58.66017316017316,58.19213973799127,38.0,35.0,339.8465030540417
New Mexico,2007,89.52136752136752,87.2051282051282,65.4508547008547,53.36752136752137,58.66017316017316,58.19213973799127,31.0,30.0,334.0193586649928
New Mexico,2008,89.52136752136752,87.2051282051282,65.4508547008547,53.36752136752137,58.66017316017316,58.19213973799127,48.0,47.0,333.26749080225704
New Mexico,2009,89.52136752136752,87.2051282051282,65.4508547008547,53.36752136752137,58.66017316017316,58.19213973799127,70.0,58.0,346.9145735710894
New Mexico,2010,89.52136752136752,87.2051282051282,65.4508547008547,53.36752136752137,58.66017316017316,58.19213973799127,45.0,38.0,316.0560612475694
New Mexico,2011,89.52136752136752,87.2051282051282,65.4508547008547,53.36752136752137,58.66017316017316,58.19213973799127,39.0,31.0,327.0015791007048
New Mexico,2012,89.52136752136752,87.2051282051282,65.4508547008547,53.36752136752137,58.66017316017316,58.19213973799127,43.0,33.0,330.3291583701724
New Mexico,2013,89.52136752136752,87.2051282051282,65.4508547008547,53.36752136752137,58.66017316017316,58.19213973799127,35.0,31.0,337.2531292217884
New Mexico,2014,89.52136752136752,87.2051282051282,65.4508547008547,53.36752136752137,58.66017316017316,58.19213973799127,47.0,41.0,314.1889426406869
New Mexico,2015,89.52136752136752,87.2051282051282,65.4508547008547,53.36752136752137,58.66017316017316,58.19213973799127,66.0,46.0,351.82747517155764
New Mexico,2016,89.52136752136752,87.2051282051282,65.4508547008547,53.36752136752137,58.66017316017316,58.19213973799127,77.0,56.0,345.45583191083915
New Mexico,2017,89.52136752136752,87.2051282051282,65.4508547008547,53.36752136752137,58.66017316017316,58.19213973799127,63.0,45.0,358.8504128165739
North Carolina,1964,100.0,65.0,100.0,54.0,100.0,69.0,874.2793650793651,778.5714285714286,425.09396215351137
North Carolina,1965,100.0,90.0,100.0,54.0,100.0,69.0,874.2793650793651,778.5714285714286,359.81424615675985
North Carolina,1966,98.0,63.0,95.0,53.0,98.0,68.0,874.2793650793651,778.5714285714286,437.5023458775731
North Carolina,1967,100.0,69.0,100.0,65.0,100.0,80.0,874.2793650793651,778.5714285714286,434.7047481155963
North Carolina,1968,100.0,74.0,100.0,54.0,100.0,75.0,874.2793650793651,778.5714285714286,386.57567668149125
North Carolina,1969,99.0,62.0,90.0,54.0,90.0,70.0,874.2793650793651,778.5714285714286,419.92212434216873
North Carolina,1970,100.0,67.0,100.0,55.0,100.0,75.0,874.2793650793651,778.5714285714286,412.64696063388953
North Carolina,1971,100.0,53.0,98.0,53.0,100.0,70.0,874.2793650793651,778.5714285714286,428.99615993502175
North Carolina,1972,100.0,66.0,100.0,57.0,100.0,84.0,874.2793650793651,778.5714285714286,428.82151527631186
North Carolina,1973,98.0,86.0,95.0,68.0,98.0,92.0,56.0,53.0,422.25324401360274
North Carolina,1974,100.0,70.0,100.0,56.0,100.0,90.0,75.0,71.0,440.9313766739202
North Carolina,1975,100.0,84.0,91.0,52.0,98.0,82.0,87.0,83.0,379.53190335348086
North Carolina,1976,100.0,102.0,91.0,44.0,100.0,81.0,45.0,42.0,331.8199842342468
North Carolina,1977,89.52136752136752,87.2051282051282,65.4508547008547,53.36752136752137,58.66017316017316,58.19213973799127,46.0,45.0,338.2745589516638
North Carolina,1978,89.52136752136752,87.2051282051282,65.4508547008547,53.36752136752137,58.66017316017316,58.19213973799127,66.0,65.0,346.92511068116806
North Carolina,1979,89.52136752136752,87.2051282051282,65.4508547008547,53.36752136752137,58.66017316017316,58.19213973799127,83.0,82.0,340.3227415153883
North Carolina,1980,89.52136752136752,87.2051282051282,65.4508547008547,53.36752136752137,58.66017316017316,58.19213973799127,71.0,70.0,337.080673954025
North Carolina,1981,89.52136752136752,87.2051282051282,65.4508547008547,53.36752136752137,58.66017316017316,58.19213973799127,60.0,59.0,348.64297132432046
North Carolina,1982,89.52136752136752,87.2051282051282,65.4508547008547,53.36752136752137,58.66017316017316,58.19213973799127,97.0,96.0,351.8477930186433
North Carolina,1983,89.52136752136752,87.2051282051282,65.4508547008547,53.36752136752137,58.66017316017316,58.19213973799127,88.0,87.0,352.58923744697756
North Carolina,1984,89.52136752136752,87.2051282051282,65.4508547008547,53.36752136752137,58.66017316017316,58.19213973799127,82.0,81.0,330.0677215424519
North Carolina,1985,89.52136752136752,87.2051282051282,65.4508547008547,53.36752136752137,58.66017316017316,58.19213973799127,96.0,95.0,334.4779978282545
North Carolina,1986,89.52136752136752,87.2051282051282,65.4508547008547,53.36752136752137,58.66017316017316,58.19213973799127,126.0,124.0,323.18642757236836
North Carolina,1987,89.52136752136752,87.2051282051282,65.4508547008547,53.36752136752137,58.66017316017316,58.19213973799127,112.0,110.0,337.3407523984183
North Carolina,1988,89.52136752136752,87.2051282051282,65.4508547008547,53.36752136752137,58.66017316017316,58.19213973799127,201.0,200.0,343.6750756938455
North Carolina,1989,89.52136752136752,87.2051282051282,65.4508547008547,53.36752136752137,58.66017316017316,58.19213973799127,460.0,457.0,338.3640513237507
North Carolina,1990,89.52136752136752,87.2051282051282,65.4508547008547,53.36752136752137,58.66017316017316,58.19213973799127,380.0,377.0,358.3305431103547
North Carolina,1991,89.52136752136752,87.2051282051282,65.4508547008547,53.36752136752137,58.66017316017316,58.19213973799127,390.0,385.0,335.72228093520107
North Carolina,1992,89.52136752136752,87.2051282051282,65.4508547008547,53.36752136752137,58.66017316017316,58.19213973799127,486.0,485.0,329.11727755163474
North Carolina,1993,89.52136752136752,87.2051282051282,65.4508547008547,53.36752136752137,58.66017316017316,58.19213973799127,805.0,800.0,345.1494045961181
North Carolina,1994,89.52136752136752,87.2051282051282,65.4508547008547,53.36752136752137,58.66017316017316,58.19213973799127,740.0,730.0,341.09960266753205
North Carolina,1995,89.52136752136752,87.2051282051282,65.4508547008547,53.36752136752137,58.66017316017316,58.19213973799127,690.0,685.0,344.96691249430853
North Carolina,1996,89.52136752136752,87.2051282051282,65.4508547008547,53.36752136752137,58.66017316017316,58.19213973799127,710.0,705.0,342.5881901850995
North Carolina,1997,92.0,62.0,64.0,38.0,85.0,99.0,880.0,825.0,433.60987541741486
North Carolina,1998,98.0,87.0,90.0,55.0,93.0,108.0,930.0,925.0,392.0941037681765
North Carolina,1999,96.0,78.0,89.0,47.0,96.0,107.0,970.0,965.0,413.241248484056
North Carolina,2000,96.0,85.0,80.0,47.0,91.0,116.0,940.0,920.0,407.03707576414047
North Carolina,2001,89.52136752136752,87.2051282051282,65.4508547008547,53.36752136752137,58.66017316017316,58.19213973799127,810.0,770.0,336.2822790827212
North Carolina,2002,89.52136752136752,87.2051282051282,65.4508547008547,53.36752136752137,58.66017316017316,58.19213973799127,730.0,725.0,335.3106129148204
North Carolina,2003,97.0,76.0,74.0,41.0,93.0,106.0,815.0,810.0,416.7006728137181
North Carolina,2004,89.52136752136752,87.2051282051282,65.4508547008547,53.36752136752137,58.66017316017316,58.19213973799127,870.0,865.0,345.46267499655846
North Carolina,2005,89.52136752136752,87.2051282051282,65.4508547008547,53.36752136752137,58.66017316017316,58.19213973799127,500.0,490.0,328.6999581008746
North Carolina,2006,89.52136752136752,87.2051282051282,65.4508547008547,53.36752136752137,58.66017316017316,58.19213973799127,430.0,428.0,346.293996768934
North Carolina,2007,92.0,68.0,71.0,31.0,89.0,99.0,375.0,370.0,409.96190339315433
North Carolina,2008,89.52136752136752,87.2051282051282,65.4508547008547,53.36752136752137,58.66017316017316,58.19213973799127,550.0,545.0,344.15541901435546
North Carolina,2009,89.52136752136752,87.2051282051282,65.4508547008547,53.36752136752137,58.66017316017316,58.19213973799127,805.0,800.0,325.93036358346154
North Carolina,2010,98.0,66.0,68.0,46.0,87.0,96.0,585.0,580.0,439.225335852494
North Carolina,2011,89.52136752136752,87.2051282051282,65.4508547008547,53.36752136752137,58.66017316017316,58.19213973799127,465.0,460.0,340.448082080542
North Carolina,2012,89.52136752136752,87.2051282051282,65.4508547008547,53.36752136752137,58.66017316017316,58.19213973799127,465.0,460.0,348.945766288306
North Carolina,2013,89.52136752136752,87.2051282051282,65.4508547008547,53.36752136752137,58.66017316017316,58.19213973799127,385.0,355.0,356.91316623604837
North Carolina,2014,89.52136752136752,87.2051282051282,65.4508547008547,53.36752136752137,58.66017316017316,58.19213973799127,280.0,255.0,355.01400842041977
North Carolina,2015,99.0,66.0,75.0,37.0,89.0,80.0,375.0,367.0,397.978700249949
North Carolina,2016,89.52136752136752,87.2051282051282,65.4508547008547,53.36752136752137,58.66017316017316,58.19213973799127,430.0,415.0,339.63080680895507
North Carolina,2017,96.0,85.0,67.0,49.0,87.0,98.0,510.0,495.0,399.3580826657854
Oklahoma,1964,51.0,28.0,49.0,28.0,33.0,14.0,874.2793650793651,778.5714285714286,254.6851124171478
Oklahoma,1965,55.0,30.0,48.0,27.0,40.0,14.0,874.2793650793651,778.5714285714286,257.21897112221643
Oklahoma,1966,50.0,28.0,45.0,33.0,40.0,19.0,874.2793650793651,778.5714285714286,277.05156893034336
Oklahoma,1967,51.0,19.0,45.0,23.0,41.0,13.0,874.2793650793651,778.5714285714286,227.6151132086399
Oklahoma,1968,41.0,28.0,38.0,28.0,35.0,14.0,874.2793650793651,778.5714285714286,262.2697077406314
Oklahoma,1969,53.0,27.0,50.0,37.0,42.0,17.0,874.2793650793651,778.5714285714286,294.6895406350743
Oklahoma,1970,50.0,25.0,43.0,27.0,33.0,13.0,874.2793650793651,778.5714285714286,223.10921752806576
Oklahoma,1971,44.0,31.0,38.0,36.0,37.0,15.0,874.2793650793651,778.5714285714286,274.22277104488364
Oklahoma,1972,46.0,32.0,42.0,38.0,35.0,26.0,874.2793650793651,778.5714285714286,313.6132271004985
Oklahoma,1973,50.0,34.0,45.0,33.0,35.0,17.0,360.0,295.0,306.49658523858574
Oklahoma,1974,47.0,21.0,43.0,30.0,41.0,15.0,350.0,335.0,239.02686065086687
Oklahoma,1975,29.0,28.0,29.0,29.0,16.0,16.0,535.0,520.0,269.54553520231605
Oklahoma,1976,61.0,34.0,55.0,31.0,40.0,14.0,605.0,585.0,288.37216496561575
Oklahoma,1977,60.0,27.0,58.0,38.0,26.0,15.0,600.0,580.0,260.8645934566207
Oklahoma,1978,61.0,34.0,61.0,39.0,35.0,15.0,715.0,565.0,314.14019733296766
Oklahoma,1979,55.0,32.0,51.0,43.0,34.0,23.0,650.0,640.0,310.7492078565689
Oklahoma,1980,67.0,32.0,58.0,30.0,28.0,15.0,480.0,450.0,294.5837131939012
Oklahoma,1981,43.0,50.0,34.0,46.0,15.0,24.0,320.0,300.0,349.6171455541864
Oklahoma,1982,43.0,34.0,19.0,29.0,15.0,23.0,425.0,375.0,312.1641969576138
Oklahoma,1983,57.0,45.0,52.0,36.0,26.0,18.0,370.0,360.0,326.6255447671543
Oklahoma,1984,66.0,53.0,42.0,42.0,4.0,12.0,400.0,350.0,319.2305685208646
Oklahoma,1985,59.0,34.0,32.0,34.0,3.0,10.0,400.0,385.0,288.1597672888713
Oklahoma,1986,46.0,29.0,39.0,29.0,25.0,15.0,460.0,435.0,258.1905997741453
Oklahoma,1987,89.52136752136752,87.2051282051282,65.4508547008547,53.36752136752137,58.66017316017316,58.19213973799127,370.0,340.0,339.7072807130852
Oklahoma,1988,89.52136752136752,87.2051282051282,65.4508547008547,53.36752136752137,58.66017316017316,58.19213973799127,380.0,370.0,356.25218256566654
Oklahoma,1989,89.52136752136752,87.2051282051282,65.4508547008547,53.36752136752137,58.66017316017316,58.19213973799127,440.0,380.0,352.3061350817568
Oklahoma,1990,89.52136752136752,87.2051282051282,65.4508547008547,53.36752136752137,58.66017316017316,58.19213973799127,370.0,315.0,330.1185276740649
Oklahoma,1991,89.52136752136752,87.2051282051282,65.4508547008547,53.36752136752137,58.66017316017316,58.19213973799127,370.0,350.0,344.5416169698692
Oklahoma,1992,89.52136752136752,87.2051282051282,65.4508547008547,53.36752136752137,58.66017316017316,58.19213973799127,360.0,340.0,342.04822953746304
Oklahoma,1993,89.52136752136752,87.2051282051282,65.4508547008547,53.36752136752137,58.66017316017316,58.19213973799127,380.0,315.0,347.5555023344922
Oklahoma,1994,89.52136752136752,87.2051282051282,65.4508547008547,53.36752136752137,58.66017316017316,58.19213973799127,290.0,210.0,340.55990425067284
Oklahoma,1995,89.52136752136752,87.2051282051282,65.4508547008547,53.36752136752137,58.66017316017316,58.19213973799127,200.0,190.0,337.3897194304212
Oklahoma,1996,89.52136752136752,87.2051282051282,65.4508547008547,53.36752136752137,58.66017316017316,58.19213973799127,160.0,120.0,352.5232222687032
Oklahoma,1997,89.52136752136752,87.2051282051282,65.4508547008547,53.36752136752137,58.66017316017316,58.19213973799127,240.0,150.0,341.74265087579806
Oklahoma,1998,89.52136752136752,87.2051282051282,65.4508547008547,53.36752136752137,58.66017316017316,58.19213973799127,280.0,145.0,351.79596284489196
Oklahoma,1999,89.52136752136752,87.2051282051282,65.4508547008547,53.36752136752137,58.66017316017316,58.19213973799127,270.0,185.0,349.07644238629075
Oklahoma,2000,89.52136752136752,87.2051282051282,65.4508547008547,53.36752136752137,58.66017316017316,58.19213973799127,200.0,180.0,336.50942747950677
Oklahoma,2001,89.52136752136752,87.2051282051282,65.4508547008547,53.36752136752137,58.66017316017316,58.19213973799127,180.0,170.0,338.03316412357526
Oklahoma,2002,89.52136752136752,87.2051282051282,65.4508547008547,53.36752136752137,58.66017316017316,58.19213973799127,220.0,200.0,358.3206894457329
Oklahoma,2003,89.52136752136752,87.2051282051282,65.4508547008547,53.36752136752137,58.66017316017316,58.19213973799127,255.0,240.0,341.5015976290014
Oklahoma,2004,89.52136752136752,87.2051282051282,65.4508547008547,53.36752136752137,58.66017316017316,58.19213973799127,320.0,180.0,332.3089730584682
Oklahoma,2005,89.52136752136752,87.2051282051282,65.4508547008547,53.36752136752137,58.66017316017316,58.19213973799127,175.0,165.0,328.03814353301607
Oklahoma,2006,89.52136752136752,87.2051282051282,65.4508547008547,53.36752136752137,58.66017316017316,58.19213973799127,170.0,155.0,349.07398709910206
Oklahoma,2007,89.52136752136752,87.2051282051282,65.4508547008547,53.36752136752137,58.66017316017316,58.19213973799127,205.0,195.0,341.19983793312167
Oklahoma,2008,89.52136752136752,87.2051282051282,65.4508547008547,53.36752136752137,58.66017316017316,58.19213973799127,285.0,270.0,331.9852027585756
Oklahoma,2009,89.52136752136752,87.2051282051282,65.4508547008547,53.36752136752137,58.66017316017316,58.19213973799127,415.0,70.0,346.1757684774866
Oklahoma,2010,89.52136752136752,87.2051282051282,65.4508547008547,53.36752136752137,58.66017316017316,58.19213973799127,305.0,140.0,341.19456463232336
Oklahoma,2011,89.52136752136752,87.2051282051282,65.4508547008547,53.36752136752137,58.66017316017316,58.19213973799127,185.0,120.0,323.58331906471994
Oklahoma,2012,89.52136752136752,87.2051282051282,65.4508547008547,53.36752136752137,58.66017316017316,58.19213973799127,245.0,210.0,345.3446655760831
Oklahoma,2013,89.52136752136752,87.2051282051282,65.4508547008547,53.36752136752137,58.66017316017316,58.19213973799127,215.0,205.0,352.54799037401335
Oklahoma,2014,89.52136752136752,87.2051282051282,65.4508547008547,53.36752136752137,58.66017316017316,58.19213973799127,305.0,290.0,364.4163125975823
Oklahoma,2015,89.52136752136752,87.2051282051282,65.4508547008547,53.36752136752137,58.66017316017316,58.19213973799127,590.0,555.0,339.98663849028117
Oklahoma,2016,89.52136752136752,87.2051282051282,65.4508547008547,53.36752136752137,58.66017316017316,58.19213973799127,780.0,550.0,341.89990470552766
Oklahoma,2017,54.0,102.0,44.0,45.0,19.0,44.0,650.0,575.0,292.5840474285018
South Carolina,1964,100.0,68.0,100.0,76.0,100.0,88.0,874.2793650793651,778.5714285714286,474.4878548441014
South Carolina,1965,100.0,78.0,100.0,81.0,100.0,89.0,874.2793650793651,778.5714285714286,458.99773796162316
South Carolina,1966,100.0,101.0,100.0,85.0,100.0,90.0,874.2793650793651,778.5714285714286,407.88292341314366
South Carolina,1967,100.0,91.0,100.0,85.0,100.0,89.0,874.2793650793651,778.5714285714286,415.7093292424157
South Carolina,1968,100.0,101.0,100.0,89.0,100.0,101.0,874.2793650793651,778.5714285714286,445.73722751376056
South Carolina,1969,99.0,88.0,97.0,84.0,97.0,98.0,874.2793650793651,778.5714285714286,435.43423777692107
South Carolina,1970,100.0,80.0,100.0,71.0,100.0,90.0,874.2793650793651,778.5714285714286,446.31289577656173
South Carolina,1971,99.0,88.0,97.0,78.0,99.0,96.0,874.2793650793651,778.5714285714286,427.0434922585424
South Carolina,1972,99.0,95.0,97.0,77.0,99.0,102.0,874.2793650793651,778.5714285714286,429.01500911510465
South Carolina,1973,100.0,99.0,99.0,72.0,99.0,102.0,107.0,103.0,407.88125482198257
South Carolina,1974,100.0,101.0,94.0,69.0,99.0,108.0,170.0,159.0,423.55353387222203
South Carolina,1975,99.0,109.0,91.0,66.0,100.0,99.0,170.0,153.0,394.0760987522043
South Carolina,1976,100.0,92.0,100.0,63.0,100.0,113.0,105.0,98.0,441.4985301689205
South Carolina,1977,100.0,125.0,94.0,65.0,99.0,110.0,110.0,109.0,421.66599517874846
South Carolina,1978,89.52136752136752,87.2051282051282,65.4508547008547,53.36752136752137,58.66017316017316,58.19213973799127,122.0,120.0,343.65320238148155
South Carolina,1979,100.0,84.0,87.0,51.0,100.0,102.0,119.0,118.0,405.4037768531308
South Carolina,1980,100.0,78.0,97.0,60.0,92.0,97.0,97.0,95.0,433.9752786967566
South Carolina,1981,100.0,81.0,83.0,42.0,97.0,97.0,69.0,69.0,404.76891157432703
South Carolina,1982,100.0,84.0,83.0,44.0,86.0,84.0,104.0,104.0,373.54957798525857
South Carolina,1983,100.0,107.0,83.0,42.0,100.0,102.0,124.0,122.0,339.2430371071723
South Carolina,1984,98.0,95.0,87.0,47.0,98.0,103.0,118.0,113.0,378.4847476178006
South Carolina,1985,100.0,92.0,83.0,51.0,98.0,90.0,120.0,119.0,365.4183428717249
South Carolina,1986,96.0,84.0,77.0,58.0,85.0,96.0,145.0,142.0,405.2430937431766
South Carolina,1987,89.52136752136752,87.2051282051282,65.4508547008547,53.36752136752137,58.66017316017316,58.19213973799127,120.0,118.0,349.76794831623465
South Carolina,1988,89.52136752136752,87.2051282051282,65.4508547008547,53.36752136752137,58.66017316017316,58.19213973799127,155.0,154.0,333.8211135731581
South Carolina,1989,89.52136752136752,87.2051282051282,65.4508547008547,53.36752136752137,58.66017316017316,58.19213973799127,211.0,210.0,335.97493299986854
South Carolina,1990,89.52136752136752,87.2051282051282,65.4508547008547,53.36752136752137,58.66017316017316,58.19213973799127,197.0,192.0,339.9624955733598
South Carolina,1991,89.52136752136752,87.2051282051282,65.4508547008547,53.36752136752137,58.66017316017316,58.19213973799127,202.0,198.0,348.80359542432666
South Carolina,1992,89.52136752136752,87.2051282051282,65.4508547008547,53.36752136752137,58.66017316017316,58.19213973799127,225.0,223.0,345.27601191346366
South Carolina,1993,89.52136752136752,87.2051282051282,65.4508547008547,53.36752136752137,58.66017316017316,58.19213973799127,348.0,342.0,337.38090600057546
South Carolina,1994,89.52136752136752,87.2051282051282,65.4508547008547,53.36752136752137,58.66017316017316,58.19213973799127,284.0,282.0,337.0155509222947
South Carolina,1995,89.52136752136752,87.2051282051282,65.4508547008547,53.36752136752137,58.66017316017316,58.19213973799127,290.0,286.0,328.4243205042317
South Carolina,1996,89.52136752136752,87.2051282051282,65.4508547008547,53.36752136752137,58.66017316017316,58.19213973799127,290.0,286.0,332.29729818742817
South Carolina,1997,100.0,92.0,100.0,54.0,100.0,118.0,330.0,315.0,405.8967045612248
South Carolina,1998,89.52136752136752,87.2051282051282,65.4508547008547,53.36752136752137,58.66017316017316,58.19213973799127,300.0,290.0,338.2045075656755
South Carolina,1999,89.52136752136752,87.2051282051282,65.4508547008547,53.36752136752137,58.66017316017316,58.19213973799127,300.0,296.0,358.8715111917011
South Carolina,2000,89.52136752136752,87.2051282051282,65.4508547008547,53.36752136752137,58.66017316017316,58.19213973799127,290.0,200.0,333.1135628094846
South Carolina,2001,89.52136752136752,87.2051282051282,65.4508547008547,53.36752136752137,58.66017316017316,58.19213973799127,220.0,218.0,336.78670445088795
South Carolina,2002,89.52136752136752,87.2051282051282,65.4508547008547,53.36752136752137,58.66017316017316,58.19213973799127,215.0,214.0,319.7913357865513
South Carolina,2003,95.0,77.0,78.0,46.0,90.0,109.0,266.0,265.0,429.468607732344
South Carolina,2004,89.52136752136752,87.2051282051282,65.4508547008547,53.36752136752137,58.66017316017316,58.19213973799127,300.0,298.0,324.3866247786332
South Carolina,2005,89.52136752136752,87.2051282051282,65.4508547008547,53.36752136752137,58.66017316017316,58.19213973799127,180.0,158.0,330.87740222941505
South Carolina,2006,89.52136752136752,87.2051282051282,65.4508547008547,53.36752136752137,58.66017316017316,58.19213973799127,135.0,134.0,349.7338722337082
South Carolina,2007,99.0,91.0,79.0,46.0,94.0,94.0,115.0,114.0,347.282200387339
South Carolina,2008,89.52136752136752,87.2051282051282,65.4508547008547,53.36752136752137,58.66017316017316,58.19213973799127,202.0,201.0,340.57700563699296
South Carolina,2009,89.52136752136752,87.2051282051282,65.4508547008547,53.36752136752137,58.66017316017316,58.19213973799127,303.0,301.0,347.39819486949875
South Carolina,2010,89.52136752136752,87.2051282051282,65.4508547008547,53.36752136752137,58.66017316017316,58.19213973799127,299.0,298.0,354.4081046385328
South Carolina,2011,89.52136752136752,87.2051282051282,65.4508547008547,53.36752136752137,58.66017316017316,58.19213973799127,258.0,250.0,330.74675072420825
South Carolina,2012,89.52136752136752,87.2051282051282,65.4508547008547,53.36752136752137,58.66017316017316,58.19213973799127,280.0,278.0,333.6113055656089
South Carolina,2013,89.52136752136752,87.2051282051282,65.4508547008547,53.36752136752137,58.66017316017316,58.19213973799127,235.0,136.0,357.1074420755985
South Carolina,2014,89.52136752136752,87.2051282051282,65.4508547008547,53.36752136752137,58.66017316017316,58.19213973799127,190.0,183.0,339.4064801566458
South Carolina,2015,99.0,86.0,73.0,39.0,96.0,105.0,250.0,248.0,373.10062947516644
South Carolina,2016,89.52136752136752,87.2051282051282,65.4508547008547,53.36752136752137,58.66017316017316,58.19213973799127,300.0,275.0,332.70704070260535
South Carolina,2017,89.52136752136752,87.2051282051282,65.4508547008547,53.36752136752137,58.66017316017316,58.19213973799127,300.0,295.0,330.2391523830854
Tennessee,1964,98.0,67.0,97.0,53.0,98.0,56.0,874.2793650793651,778.5714285714286,385.4528247784805
Tennessee,1965,100.0,71.0,92.0,57.0,93.0,62.0,874.2793650793651,778.5714285714286,405.9689134143641
Tennessee,1966,92.0,85.0,89.0,64.0,90.0,66.0,874.2793650793651,778.5714285714286,383.32982667145535
Tennessee,1967,97.0,61.0,91.0,61.0,92.0,63.0,874.2793650793651,778.5714285714286,414.2047093981623
Tennessee,1968,99.0,51.0,89.0,58.0,90.0,59.0,874.2793650793651,778.5714285714286,426.9092751896969
Tennessee,1969,100.0,67.0,97.0,57.0,97.0,60.0,874.2793650793651,778.5714285714286,398.4216465593422
Tennessee,1970,96.0,61.0,96.0,62.0,96.0,64.0,874.2793650793651,778.5714285714286,436.2785128116494
Tennessee,1971,99.0,72.0,93.0,63.0,93.0,63.0,874.2793650793651,778.5714285714286,402.74747884031933
Tennessee,1972,95.0,69.0,94.0,61.0,95.0,64.0,874.2793650793651,778.5714285714286,413.7197363476875
Tennessee,1973,100.0,67.0,100.0,69.0,100.0,69.0,335.0,315.0,434.0458398117891
Tennessee,1974,100.0,66.0,96.0,60.0,98.0,61.0,420.0,370.0,389.8814474679416
Tennessee,1975,100.0,69.0,98.0,52.0,99.0,58.0,325.0,300.0,386.67140866984835
Tennessee,1976,91.0,71.0,91.0,59.0,91.0,64.0,250.0,230.0,389.4370098203415
Tennessee,1977,96.0,68.0,92.0,67.0,92.0,69.0,250.0,230.0,437.1629179391191
Tennessee,1978,97.0,74.0,95.0,69.0,95.0,74.0,290.0,275.0,418.6660991471174
Tennessee,1979,99.0,76.0,99.0,74.0,99.0,79.0,325.0,305.0,429.62551162698753
Tennessee,1980,100.0,73.0,94.0,64.0,94.0,74.0,260.0,255.0,419.4697734659101
Tennessee,1981,89.52136752136752,87.2051282051282,65.4508547008547,53.36752136752137,58.66017316017316,58.19213973799127,220.0,215.0,345.2392858670645
Tennessee,1982,97.0,67.0,97.0,62.0,97.0,68.0,340.0,325.0,420.8460830933367
Tennessee,1983,100.0,91.0,100.0,65.0,100.0,71.0,340.0,335.0,385.03703460078
Tennessee,1984,100.0,82.0,100.0,62.0,100.0,68.0,340.0,335.0,398.45771931898946
Tennessee,1985,99.0,78.0,97.0,61.0,94.0,67.0,440.0,435.0,407.07675631574284
Tennessee,1986,100.0,75.0,100.0,65.0,100.0,71.0,535.0,530.0,409.1395339035381
Tennessee,1987,89.52136752136752,87.2051282051282,65.4508547008547,53.36752136752137,58.66017316017316,58.19213973799127,465.0,460.0,325.31052425658385
Tennessee,1988,89.52136752136752,87.2051282051282,65.4508547008547,53.36752136752137,58.66017316017316,58.19213973799127,525.0,515.0,351.4535938675955
Tennessee,1989,89.52136752136752,87.2051282051282,65.4508547008547,53.36752136752137,58.66017316017316,58.19213973799127,620.0,610.0,335.6206716041231
Tennessee,1990,89.52136752136752,87.2051282051282,65.4508547008547,53.36752136752137,58.66017316017316,58.19213973799127,625.0,615.0,340.01821629270387
Tennessee,1991,89.52136752136752,87.2051282051282,65.4508547008547,53.36752136752137,58.66017316017316,58.19213973799127,625.0,615.0,345.72814247240706
Tennessee,1992,89.52136752136752,87.2051282051282,65.4508547008547,53.36752136752137,58.66017316017316,58.19213973799127,590.0,585.0,324.12551107517106
Tennessee,1993,89.52136752136752,87.2051282051282,65.4508547008547,53.36752136752137,58.66017316017316,58.19213973799127,700.0,660.0,355.4112123844885
Tennessee,1994,89.52136752136752,87.2051282051282,65.4508547008547,53.36752136752137,58.66017316017316,58.19213973799127,540.0,530.0,348.1144846877787
Tennessee,1995,89.52136752136752,87.2051282051282,65.4508547008547,53.36752136752137,58.66017316017316,58.19213973799127,490.0,480.0,343.05728497708793
Tennessee,1996,100.0,89.0,99.0,60.0,99.0,88.0,450.0,445.0,398.27800538894996
Tennessee,1997,100.0,92.0,99.0,56.0,99.0,88.0,570.0,565.0,381.15399562830794
Tennessee,1998,99.0,95.0,100.0,63.0,100.0,91.0,570.0,565.0,387.5969145764708
Tennessee,1999,100.0,90.0,99.0,54.0,100.0,89.0,620.0,615.0,374.99540085184
Tennessee,2000,99.0,84.0,93.0,56.0,98.0,90.0,565.0,530.0,390.84879343850844
Tennessee,2001,89.52136752136752,87.2051282051282,65.4508547008547,53.36752136752137,58.66017316017316,58.19213973799127,560.0,530.0,342.42783483565347
Tennessee,2002,89.52136752136752,87.2051282051282,65.4508547008547,53.36752136752137,58.66017316017316,58.19213973799127,530.0,525.0,343.14369987289007
Tennessee,2003,97.0,92.0,92.0,53.0,96.0,86.0,640.0,635.0,378.090604471592
Tennessee,2004,89.52136752136752,87.2051282051282,65.4508547008547,53.36752136752137,58.66017316017316,58.19213973799127,700.0,695.0,341.5903946423183
Tennessee,2005,89.52136752136752,87.2051282051282,65.4508547008547,53.36752136752137,58.66017316017316,58.19213973799127,515.0,510.0,331.39394822142214
Tennessee,2006,89.52136752136752,87.2051282051282,65.4508547008547,53.36752136752137,58.66017316017316,58.19213973799127,285.0,280.0,324.3983894482217
Tennessee,2007,100.0,102.0,95.0,51.0,100.0,88.0,300.0,280.0,349.98857831136695
Tennessee,2008,89.52136752136752,87.2051282051282,65.4508547008547,53.36752136752137,58.66017316017316,58.19213973799127,390.0,387.0,339.38327649598887
Tennessee,2009,89.52136752136752,87.2051282051282,65.4508547008547,53.36752136752137,58.66017316017316,58.19213973799127,495.0,490.0,338.69987769564113
Tennessee,2010,100.0,95.0,96.0,51.0,99.0,87.0,380.0,377.0,344.627394648804
Tennessee,2011,89.52136752136752,87.2051282051282,65.4508547008547,53.36752136752137,58.66017316017316,58.19213973799127,250.0,233.0,350.0447380278009
Tennessee,2012,89.52136752136752,87.2051282051282,65.4508547008547,53.36752136752137,58.66017316017316,58.19213973799127,275.0,270.0,350.02698000245914
Tennessee,2013,89.52136752136752,87.2051282051282,65.4508547008547,53.36752136752137,58.66017316017316,58.19213973799127,155.0,140.0,331.68339846197284
Tennessee,2014,89.52136752136752,87.2051282051282,65.4508547008547,53.36752136752137,58.66017316017316,58.19213973799127,255.0,250.0,347.44707907964414
Tennessee,2015,100.0,111.0,96.0,66.0,49.0,91.0,345.0,340.0,389.97981591964975
Tennessee,2016,89.52136752136752,87.2051282051282,65.4508547008547,53.36752136752137,58.66017316017316,58.19213973799127,360.0,355.0,340.020932780212
Tennessee,2017,100.0,101.0,99.0,55.0,95.0,91.0,410.0,400.0,354.39242400017815
Texas,1964,50.0,59.0,38.0,46.0,10.0,16.0,874.2793650793651,778.5714285714286,343.1799907549893
Texas,1965,55.0,62.0,40.0,44.0,11.0,18.0,874.2793650793651,778.5714285714286,327.2704854845254
Texas,1966,51.0,62.0,40.0,45.0,14.0,18.0,874.2793650793651,778.5714285714286,322.5895819948985
Texas,1967,47.0,55.0,39.0,43.0,12.0,20.0,874.2793650793651,778.5714285714286,343.40745412437053
Texas,1968,45.0,51.0,37.0,44.0,18.0,18.0,874.2793650793651,778.5714285714286,351.84575341876666
Texas,1969,48.0,61.0,34.0,46.0,14.0,21.0,874.2793650793651,778.5714285714286,329.1785037457479
Texas,1970,48.0,57.0,30.0,45.0,13.0,21.0,874.2793650793651,778.5714285714286,345.21387212199005
Texas,1971,50.0,57.0,30.0,42.0,12.0,17.0,874.2793650793651,778.5714285714286,345.4280605926242
Texas,1972,51.0,53.0,36.0,44.0,11.0,19.0,874.2793650793651,778.5714285714286,326.2927150622221
Texas,1973,53.0,46.0,41.0,45.0,15.0,14.0,4350.0,3900.0,323.7881644966285
Texas,1974,55.0,48.0,47.0,43.0,24.0,17.0,4800.0,4500.0,327.2001775322285
Texas,1975,32.0,39.0,23.0,39.0,9.0,12.0,6650.0,6450.0,306.89278908278834
Texas,1976,49.0,52.0,40.0,43.0,13.0,16.0,6950.0,6200.0,328.4173980034056
Texas,1977,59.0,45.0,45.0,47.0,15.0,14.0,7700.0,6800.0,334.15129784510714
Texas,1978,41.0,50.0,28.0,42.0,9.0,16.0,7850.0,6850.0,321.7261843742119
Texas,1979,53.0,45.0,45.0,45.0,17.0,16.0,7460.0,7200.0,326.4735392663576
Texas,1980,50.0,43.0,43.0,39.0,18.0,14.0,5800.0,4300.0,321.1838164029383
Texas,1981,60.0,44.0,53.0,40.0,21.0,20.0,4000.0,3550.0,333.47607247480926
Texas,1982,39.0,41.0,28.0,30.0,13.0,20.0,5350.0,4700.0,321.8095730754058
Texas,1983,41.0,52.0,31.0,40.0,14.0,22.0,5000.0,4650.0,341.1900436719171
Texas,1984,55.0,47.0,39.0,39.0,18.0,15.0,4850.0,3450.0,330.59341717052257
Texas,1985,57.0,49.0,47.0,39.0,22.0,21.0,4700.0,4400.0,323.5724312891545
Texas,1986,56.0,45.0,44.0,35.0,18.0,13.0,5600.0,5300.0,308.72234440535453
Texas,1987,57.0,51.0,46.0,37.0,23.0,14.0,4650.0,3750.0,336.2679729889423
Texas,1988,68.0,45.0,56.0,38.0,22.0,13.0,5500.0,5000.0,320.4579274587212
Texas,1989,63.0,48.0,53.0,37.0,22.0,12.0,6300.0,5400.0,321.7942107604818
Texas,1990,66.0,59.0,48.0,40.0,20.0,17.0,5500.0,3550.0,323.63501138194675
Texas,1991,70.0,69.0,53.0,41.0,25.0,23.0,5550.0,5050.0,317.0365285854119
Texas,1992,65.0,66.0,48.0,44.0,27.0,20.0,5450.0,5150.0,316.8225637167336
Texas,1993,77.0,64.0,58.0,43.0,26.0,21.0,6400.0,5750.0,358.3832645066004
Texas,1994,78.0,71.0,60.0,38.0,25.0,20.0,5700.0,4100.0,294.0263748673012
Texas,1995,79.0,62.0,63.0,38.0,32.0,15.0,5500.0,5200.0,308.74558909823395
Texas,1996,55.0,80.0,47.0,39.0,20.0,21.0,5650.0,3300.0,252.59621969903998
Texas,1997,82.0,63.0,62.0,37.0,29.0,16.0,6150.0,5100.0,318.399521349778
Texas,1998,68.0,62.0,56.0,38.0,27.0,19.0,6400.0,4400.0,311.403292394395
Texas,1999,71.0,64.0,45.0,41.0,23.0,18.0,6000.0,4250.0,314.69588262159834
Texas,2000,63.0,68.0,54.0,40.0,26.0,19.0,5600.0,4500.0,301.49506997408685
Texas,2001,52.0,63.0,37.0,38.0,14.0,19.0,5600.0,4350.0,313.474056086265
Texas,2002,89.52136752136752,87.2051282051282,65.4508547008547,53.36752136752137,58.66017316017316,58.19213973799127,5850.0,5350.0,336.8987637001887
Texas,2003,61.0,76.0,50.0,50.0,20.0,25.0,5950.0,5600.0,310.64251587571016
Texas,2004,89.52136752136752,87.2051282051282,65.4508547008547,53.36752136752137,58.66017316017316,58.19213973799127,6400.0,4100.0,339.1380738615853
Texas,2005,89.52136752136752,87.2051282051282,65.4508547008547,53.36752136752137,58.66017316017316,58.19213973799127,4900.0,4700.0,338.156959470821
Texas,2006,89.52136752136752,87.2051282051282,65.4508547008547,53.36752136752137,58.66017316017316,58.19213973799127,5000.0,3250.0,338.02467933140656
Texas,2007,86.0,82.0,60.0,37.0,24.0,17.0,5000.0,3500.0,272.5495632432818
Texas,2008,89.52136752136752,87.2051282051282,65.4508547008547,53.36752136752137,58.66017316017316,58.19213973799127,5550.0,5350.0,348.17693491132536
Texas,2009,89.52136752136752,87.2051282051282,65.4508547008547,53.36752136752137,58.66017316017316,58.19213973799127,7550.0,2850.0,348.2352325656676
Texas,2010,85.0,63.0,52.0,32.0,30.0,15.0,6500.0,3800.0,291.42018428531446
Texas,2011,89.52136752136752,87.2051282051282,65.4508547008547,53.36752136752137,58.66017316017316,58.19213973799127,5800.0,3100.0,351.8090875109075
Texas,2012,89.52136752136752,87.2051282051282,65.4508547008547,53.36752136752137,58.66017316017316,58.19213973799127,6300.0,4600.0,350.5979666592409
Texas,2013,89.52136752136752,87.2051282051282,65.4508547008547,53.36752136752137,58.66017316017316,58.19213973799127,4800.0,4500.0,334.2945816377695
Texas,2014,89.52136752136752,87.2051282051282,65.4508547008547,53.36752136752137,58.66017316017316,58.19213973799127,5650.0,5200.0,354.39269940947906
Texas,2015,66.0,65.0,46.0,34.0,16.0,14.0,7000.0,5500.0,288.64380414063106
Texas,2016,89.52136752136752,87.2051282051282,65.4508547008547,53.36752136752137,58.66017316017316,58.19213973799127,7750.0,4350.0,321.82669942297656
Texas,2017,68.0,77.0,52.0,37.0,25.0,20.0,7050.0,6000.0,290.44019076145264
